-- phpMyAdmin SQL Dump
-- version 4.0.10deb1
-- http://www.phpmyadmin.net
--
-- Host: localhost
-- Generation Time: Sep 16, 2014 at 01:42 AM
-- Server version: 5.5.38-0ubuntu0.14.04.1
-- PHP Version: 5.5.9-1ubuntu4.3

SET SQL_MODE = "NO_AUTO_VALUE_ON_ZERO";
SET time_zone = "+00:00";


/*!40101 SET @OLD_CHARACTER_SET_CLIENT=@@CHARACTER_SET_CLIENT */;
/*!40101 SET @OLD_CHARACTER_SET_RESULTS=@@CHARACTER_SET_RESULTS */;
/*!40101 SET @OLD_COLLATION_CONNECTION=@@COLLATION_CONNECTION */;
/*!40101 SET NAMES utf8 */;

--
-- Database: `etude`
--

-- --------------------------------------------------------

--
-- Table structure for table `courses`
--

CREATE TABLE IF NOT EXISTS `courses` (
  `courseID` varchar(11) NOT NULL,
  `courseName` varchar(100) NOT NULL,
  PRIMARY KEY (`courseID`)
) ENGINE=InnoDB DEFAULT CHARSET=latin1;

--
-- Dumping data for table `courses`
--

INSERT INTO `courses` (`courseID`, `courseName`) VALUES
('ACCT1001B', 'Accounting Masters Thesis B '),
('ACCT1009', 'Corporate Structures and Reporting '),
('ACCT1014', 'Accounting'),
('ACCT1018', 'Financial Planning '),
('ACCT1022', 'Business Advisory Services '),
('ACCT1028', 'Performance Analysis and Simulations '),
('ACCT1046', 'Accounting in Organisations and Society'),
('ACCT1048', 'Financial Accountability and Reporting '),
('ACCT1056', 'Auditing 1 '),
('ACCT1060', 'Management Accounting and Business '),
('ACCT1064', 'Cost Analysis and Applications '),
('ACCT1077', 'Financial Accounting Theory'),
('ACCT1081', 'Ethics and Accountability'),
('ACCT1106', 'Financial Accounting and Business'),
('ACCT1109', 'Strategic Accounting for Management '),
('ACCT1110', 'Financial Reporting and Regulation '),
('ACCT1111', 'Assurance Services and Regulation '),
('ACCT1144B', 'Accounting Masters Thesis B '),
('ACCT2033', 'Financial Accounting and Analysis '),
('ACCT2096B', 'Accounting PhD Thesis B '),
('ACCT2097B', 'Accounting PhD Thesis B '),
('ACCT2111', 'Contemporary Accounting Thought '),
('ACCT2127', 'Accounting for Management Decisions '),
('ACCT2149', 'Accounting Work Integrated Learning 1 '),
('ACCT2150', 'Accounting Work Integrated Learning 2 '),
('ACCT2151', 'Accounting Work Experience in Industry 1 '),
('ACCT2152', 'Accounting Work Experience in Industry 2 '),
('ACCT2172', 'International Accounting Study Tour '),
('ACCT2173', 'International Accounting Study Tour '),
('ACCT2190', 'Understanding Global Accounting Practices through an International Study Tour '),
('ACCT2211', 'Forensic Business Investigation '),
('ACCT2227', 'Forensic Accounting '),
('ACCT2229', 'Accounting for Sustainable Management '),
('ACCT2250', 'Masters ReseARCH(48cp) '),
('ACCT2251', 'Masters ReseARCH(36cp) '),
('ACCT2252', 'Masters ReseARCH(24cp) '),
('ACCT2253', 'Masters ReseARCH(12cp) '),
('ACCT2254', 'PhD ReseARCH(48cp) '),
('ACCT2255', 'PhD ReseARCH(36cp) '),
('ACCT2256', 'PhD ReseARCH(24cp) '),
('ACCT2257', 'PhD ReseARCH(12cp) '),
('AERO2252', 'Design for Manufacture and Assembly'),
('AERO2255', 'Management of Aerospace Design and Research'),
('AERO2289', 'Composite Materials and Structures '),
('AERO2306', 'Aviation ReseARCHProject '),
('AERO2321', 'Aviation Safety Systems '),
('AERO2347', 'Aircraft Maintenance '),
('AERO2355', 'Systems Engineering'),
('AERO2356', 'Aerodynamics and Flight Mechanics'),
('AERO2357', 'Aerospace Finite Element Methods'),
('AERO2359', 'Aerospace Structures '),
('AERO2363', 'Advanced Aerospace Structures  '),
('AERO2366', 'Advanced Aerospace Design Project'),
('AERO2367', 'Incident and  Accident Investigation '),
('AERO2370', 'Engineering Risk Management in Aviation '),
('AERO2378', 'Aircraft Systems'),
('AERO2380', 'Aviation Quality Systems'),
('AERO2382', 'Airport Planning and Management'),
('AERO2384', 'Aviation Safety and Security Systems'),
('AERO2389', 'Aviation Commercial Revenue Development'),
('AERO2406', 'Spaceflight Systems Design '),
('AERO2407', 'Aviation Project Management '),
('AERO2408', 'Aviation Strategy in the Global Context '),
('AERO2409', 'Managing the Engineering Environment'),
('AERO2410', 'Airline Operations'),
('AERO2423', 'Aerospace Special Project '),
('AERO2426', 'Air Cargo Management and Operations'),
('AERO2431', 'Aviation Industry Project'),
('AERO2456', 'Sustainable Aviation and the Environment'),
('AERO2457', 'Aircraft Maintenance and Airworthiness '),
('AERO2459', 'Aircraft Maintainability and Maintenance '),
('AERO2461', 'Engineering Sustainability in Aviation '),
('AERO2464', 'Engineering Unmanned Aircraft Systems '),
('AERO2504', 'PhD ReseARCH(48cp) '),
('AERO2505', 'Phd ReseARCH(36cp) '),
('AERO2506', 'PhD ReseARCH(24cp) '),
('AERO2507', 'PhD ReseARCH(12cp) '),
('AERO2508', 'Masters ReseARCH(48cp) '),
('AERO2509', 'Masters ReseARCH(36cp) '),
('AERO2510', 'Masters ReseARCH(24cp) '),
('AERO2511', 'Masters ReseARCH(12cp) '),
('AERO2514', 'Aircraft Structural Integrity '),
('AERO2516', 'Computer Aided Aircraft Design '),
('AERS1001', 'Introduction to Permaculture and Sustainable Living '),
('AERS1002', 'Permaculture and Sustainable Living '),
('AERS1003', 'Environment and Culture:Ecological and Aboriginal understandings of Country'),
('ARCH1001', 'Architecture Design Studio 2  '),
('ARCH1002', 'Architecture Design Studio 3  '),
('ARCH1003', 'Architecture Design Studio 4  '),
('ARCH1004', 'Architecture Design Studio 5  '),
('ARCH1006', 'Architecture Design Studio 6  '),
('ARCH1014', 'Architecture Technology 3'),
('ARCH1015', 'Architecture Technology 2'),
('ARCH1026', 'History Western Architecture 20th Century  '),
('ARCH1035', 'Architecture Communications 2 '),
('ARCH1036', 'Architecture Portfolio and Communications  '),
('ARCH1040', 'Architecture Design Elective 1  '),
('ARCH1041', 'Architecture Design Elective 2  '),
('ARCH1063', 'Urban Design Work Practice 1'),
('ARCH1065', 'Planning Theory'),
('ARCH1066', 'Urban Design Work Practice 2'),
('ARCH1067', 'Group Report: Urban Policy'),
('ARCH1095', 'Technical Studies Seminar 2  '),
('ARCH1096', 'Technical Studies Seminar 3  '),
('ARCH1101', 'Interior Design Studio 2  '),
('ARCH1104', 'History / Theory 2 Interior Design  '),
('ARCH1108', 'Interior Design Studio 3  '),
('ARCH1109', 'Interior Design Studio 4  '),
('ARCH1119', 'Interior Design Studio 5  '),
('ARCH1121', 'Interior Design Studio 6  '),
('ARCH1123', 'Interior Design Studio 7  '),
('ARCH1124', 'Interior Design Thesis Major Project  '),
('ARCH1148', 'Landscape Architecture Portfolio  '),
('ARCH1149', 'Landscape Architecture Special Initiative A  '),
('ARCH1151', 'Landscape Architecture Special Initiative B  '),
('ARCH1156', 'Landscape Architecture Integrated Studio 2  '),
('ARCH1160', 'Landscape Architecture Site Engineering  '),
('ARCH1161', 'Landscape Architecture Design Studio 3  '),
('ARCH1164', 'Landscape Architecture History 2  '),
('ARCH1165', 'Landscape Architecture History 3  '),
('ARCH1166', 'Landscape Architecture Design Studio 5  '),
('ARCH1168', 'Landscape Architecture Design Studio 6  '),
('ARCH1170', 'Landscape Architecture Professional Practice  '),
('ARCH1171', 'Landscape Architecture Design Studio 7  '),
('ARCH1178', 'Elective 1 Landscape Architecture  '),
('ARCH1179', 'Elective 2 Landscape Architecture  '),
('ARCH1180', 'Elective 3 Landscape Architecture  '),
('ARCH1204', 'Strategic Urban Planning'),
('ARCH1219B', 'Ph D Thesis B '),
('ARCH1225B', 'Ph D Thesis B '),
('ARCH1260', 'Project Planning and Implementation for Change '),
('ARCH1269', 'Sustainable Energy Policy and Practice'),
('ARCH1271', 'Conflict Resolution and Mediation '),
('ARCH1273', 'Urban Regions: Strategic Considerations for Development '),
('ARCH1274', 'City Building and Urban Design Process'),
('ARCH1284', 'Rural and Regional Planning'),
('ARCH1289', 'Interior Design Specialisation 1  '),
('ARCH1290', 'Interior Design Specialisation 2  '),
('ARCH1291', 'Interior Design Specialisation 3  '),
('ARCH1292', 'Interior Design Specialisation 4  '),
('ARCH1293', 'Interior Design Specialisation 5  '),
('ARCH1294', 'Interior Design Specialisation 6  '),
('ARCH1297', 'Infrastructure and Property '),
('ARCH1305', 'Landscape Architecture Design Studio 8  '),
('ARCH1311', 'Integrated Transport Planning '),
('ARCH1313', 'Integrated Transport Planning '),
('ARCH1317', 'Soundscape Studies  '),
('ARCH1318', 'Soundscape Studies  '),
('ARCH1330', 'Architecture Design Studio 7  '),
('ARCH1333', 'Architecture Design Studio 8  '),
('ARCH1334', 'Architecture Professional Practice 2  '),
('ARCH1335', 'Architecture Design Studio 9  '),
('ARCH1337', 'Architecture Major Project  '),
('ARCH1338', 'Architecture Design Elective 1  '),
('ARCH1339', 'Architecture Design Elective 2  '),
('ARCH1340', 'Architecture Design Elective 3  '),
('ARCH1345', 'Landscape Architecture Design ReseARCHStudio 2  '),
('ARCH1346', 'Landscape Architecture Communications 1  '),
('ARCH1347', 'Landscape Architecture Environments 2  '),
('ARCH1348', 'Landscape Architecture Design ReseARCHStudio 3  '),
('ARCH1351', 'Landscape Architecture Design ReseARCHStudio 4  '),
('ARCH1352', 'Landscape Architecture Theoretical Frameworks 2  '),
('ARCH1353', 'Landscape Architecture Design ReseARCHStudio 5  '),
('ARCH1355', 'Landscape Architecture Design ReseARCHStudio 6  '),
('ARCH1356', 'Landscape Architecture Theoretical Frameworks 3  '),
('ARCH1357', 'Landscape Architecture Communications 3  '),
('ARCH1358', 'Landscape Architecture Design ReseARCHStudio 7  '),
('ARCH1359', 'Landscape Architecture Design ReseARCHSeminar 1  '),
('ARCH1360', 'Landscape Architecture Design ReseARCHSeminar 2  '),
('ARCH1361', 'Landscape Architecture Design ReseARCHStudio 8  '),
('ARCH1362', 'Landscape Architecture Design ReseARCHSeminar 3  '),
('ARCH1363', 'Landscape Architecture Postgraduate Elective  '),
('ARCH1364', 'Landscape Architecture Postgraduate Special Initiative  '),
('ARCH1366', 'Landscape Architecture Design ReseARCHSeminar 4  '),
('ARCH1367', 'Landscape Architecture Masters Design ReseARCHProject B  '),
('ARCH1372', 'Spatial Sound Modelling  '),
('ARCH1373', 'Ambisonic Modelling  '),
('ARCH1374', 'Landscape Architecture Professional Practice  '),
('ARCH1392', 'Urban Design Studio 1  '),
('ARCH1393', 'Urbanism: History and Theory  '),
('ARCH1394', 'Urban Design Studio 2  '),
('ARCH1395', 'Urban Design Studio 3  '),
('ARCH1396', 'Case Studies in Urban Design  '),
('ARCH1398', 'Eco-Urban Practices  '),
('ARCH1400', 'Urban Design Studio 4  '),
('ARCH1401', 'Urban Design Studio 5  '),
('ARCH1404', 'Planning Thesis 2 '),
('ARCH1405', 'International Urban and Environmental Management Project'),
('ARCH1408', 'Economics of Spatial Decision Making '),
('ARCH1411', 'Urban Planning and Environment Project '),
('ARCH1414', 'Design Innovation and Technology Studio 2  '),
('ARCH1415', 'Design Innovation and Technology Major Project Part A  '),
('ARCH1416', 'Design Innovation and Technology Major Project Part B  '),
('ARCH1417', 'Design Innovation and Technology ReseARCHStudio  '),
('ARCH1418', 'Design Innovation and Technology Studio 3  '),
('ARCH1419', 'Design Innovation and Technology Studio 4  '),
('ARCH1420', 'Design Innovation and Technology Studio 5  '),
('ARCH1421', 'Design Innovation and Technology Studio 6  '),
('ARCH1422', 'Masters ReseARCH(48cp)  '),
('ARCH1423', 'Masters ReseARCH(36cp)  '),
('ARCH1424', 'Masters ReseARCH(12cp)  '),
('ARCH1425', 'PhD ReseARCH(48cp)  '),
('ARCH1426', 'PhD ReseARCH(36cp)  '),
('ARCH1427', 'PhD ReseARCH(24cp)  '),
('ARCH1428', 'PhD ReseARCH(12cp)  '),
('ARCH1429', 'Creative Practice ReseARCHStrategies  '),
('ARCH1430', 'Masters ReseARCH(24cp)  '),
('ARCH1431', 'Shelter and Settlements in Disasters and Development '),
('AUTO1006', 'Vehicle Power Systems'),
('AUTO1016', 'Sustainable Automotive Manufacturing'),
('AUTO1018', 'Industrial and Vehicle Aerodynamics'),
('AUTO1019', 'Management of Vehicle Design and Research'),
('AUTO1025', 'Management of Automotive Manufacturing Engineering Processes'),
('AUTO1026', 'Advanced CAE for Automotive Applications'),
('AUTO1028', 'Automotive Materials'),
('AUTO1029', 'Automotive Systems and Control'),
('AUTO1030', 'Automotive Project 2 '),
('AUTO1031', 'Vehicle Noise Vibration Harshness '),
('AUTO1034', 'Automotive Electronics '),
('AUTO1035', 'Automotive ReseARCHProject '),
('BAFI1002', 'Financial Markets '),
('BAFI1008', 'Business Finance '),
('BAFI1014', 'Personal Wealth Management '),
('BAFI1018', 'International Finance'),
('BAFI1024', 'Futures and Options Instruments and Markets '),
('BAFI1026', 'Risk Management '),
('BAFI1042', 'Investment '),
('BAFI1046', 'Empirical Studies in Equity Markets '),
('BAFI1059', 'Corporate Finance'),
('BAFI1065', 'Money Markets and Fixed Income Securities '),
('BAFI1070', 'Financial Statement Analysis '),
('BAFI1075', 'International Finance'),
('BAFI1100', 'Financial Decision Making'),
('BAFI2081', 'Risk Management and Financial Engineering '),
('BAFI2085', 'ReseARCHProject in Finance '),
('BAFI3157', 'Strategic Asset Allocation'),
('BAFI3178', 'Strategic Asset Allocation'),
('BAFI3180', 'Funds Management'),
('BAFI3190', 'ReseARCHIssues in Finance'),
('BESC1072', 'Psychology of Social Life'),
('BESC1075', 'Psychology of Stress'),
('BESC1121', 'Principles of Psychology'),
('BESC1122', 'Principles of Psychology'),
('BESC1123', 'Principles of Psychology '),
('BESC1126', 'Foundations of Psychology '),
('BESC1176', 'Cognitive Psychology'),
('BESC1178', 'Cognitive Psychology'),
('BESC1183', 'Social Psychology'),
('BESC1185', 'Social Psychology'),
('BESC1186', 'Social Psychology'),
('BESC1187', 'Biological Psychology'),
('BESC1189', 'Biological Psychology'),
('BESC1190', 'Biological Psychology '),
('BESC1220', 'ReseARCHProject'),
('BESC1250', 'Internal Practicum 2'),
('BESC1254', 'Thesis 2 '),
('BESC1264', 'Thesis 3 '),
('BESC1270', 'Internal Practicum 4'),
('BESC1274', 'Thesis 4 '),
('BESC1276', 'External Practicum 2 '),
('BESC1372', 'Social Psychology'),
('BESC1380', 'Principles of Psychology'),
('BESC1393', 'Psychology of Social Life'),
('BESC1407', 'Applied Psychology Topics '),
('BESC1410', 'Applied Psychology Topics'),
('BESC1415', 'Advanced ReseARCHMethods'),
('BESC1416', 'Advanced ReseARCHMethods'),
('BESC1417', 'Advanced Topics in Psychology'),
('BESC1418', 'Advanced Topics in Psychology'),
('BESC1423', 'Psychopathology'),
('BESC1424', 'Psychopathology'),
('BESC1425', 'Thesis 1 '),
('BESC1426', 'Thesis 1 '),
('BESC1427', 'Thesis 2 '),
('BESC1428', 'Thesis 2 '),
('BESC1433', 'Psychological Assessment and Individual Differences'),
('BESC1434', 'Psychological Assessment and Individual Differences'),
('BESC1435', 'Psychological Assessment and Individual Differences'),
('BESC1436', 'Psychological Assessment and Individual Differences'),
('BESC1445', 'Psychopathology and Models of Intervention'),
('BESC1446', 'Psychopathology and Models of Intervention'),
('BESC1447', 'Psychopathology and Models of Intervention'),
('BESC1448', 'Psychopathology and Models of Intervention'),
('BESC1453', 'Professional Practices in Psychology '),
('BESC1459', 'Assessment and Intervention 1'),
('BESC1460', 'Assessment and Intervention 2'),
('BESC1464', 'Specialist Practice 2'),
('BESC1466', 'ReseARCHProject'),
('BESC1479', 'Happiness and Positive Psychology '),
('BESC1482', 'Introduction to Mindbody Wellness '),
('BESC1483', 'Mindbody Wellness '),
('BESC1487', 'Introduction to Happiness and Positive Psychology '),
('BESC1490', 'Introduction to Psychology '),
('BESC1491', 'Understanding the Psychology of Health '),
('BESC1492', 'Psychology Field Placement '),
('BESC1493', 'Masters ReseARCH(48cp) '),
('BESC1494', 'Masters ReseARCH(36cp) '),
('BESC1495', 'Masters ReseARCH(24cp) '),
('BESC1496', 'Masters ReseARCH(12cp) '),
('BESC1497', 'PhD ReseARCH(48cp) '),
('BESC1498', 'PhD ReseARCH(36cp) '),
('BESC1499', 'PhD ReseARCH(24cp) '),
('BESC1500', 'PhD ReseARCH(12cp) '),
('BIOL1010', 'Biology '),
('BIOL1070', 'ReseARCHMethods '),
('BIOL1105', 'Exercise Physiology 1'),
('BIOL1131', 'Neuroscience '),
('BIOL1181', 'Biochemistry and Molecular Biology 2 '),
('BIOL1215', 'Biomedical and Physical Sciences 2'),
('BIOL1302', 'Work Experience Practicum 2 '),
('BIOL2044', 'Human Physiology 2: Body Systems'),
('BIOL2061', 'Field Experience Practicum '),
('BIOL2127', 'Advanced Bioinformatics '),
('BIOL2149', 'ReseARCHMethods '),
('BIOL2162', 'Ecotoxicology '),
('BIOL2200', 'Outbreak: The Detection and Control of Infectious Disease '),
('BIOL2226', 'Protein Technologies'),
('BIOL2230', 'ReseARCHProject 1 '),
('BIOL2231', 'ReseARCHProject 2 '),
('BIOL2256', 'Introduction to Microbiology'),
('BIOL2257', 'Introduction to Microbiology'),
('BIOL2258', 'Animal Structure and Function'),
('BIOL2260', 'Biological Chemistry'),
('BIOL2267', 'Functional Genomics and Proteomics'),
('BIOL2269', 'Molecular Agriculture'),
('BIOL2270', 'Plant Diversity'),
('BIOL2273', 'Principles of Human Biology'),
('BIOL2274', 'Limb and Trunk Anatomy'),
('BIOL2281', 'Human Structure and Function 2 '),
('BIOL2299', 'Biology of Tissue Growth and Repair'),
('BIOL2300', 'Biomolecules and Cellular Regulation'),
('BIOL2303', 'Honours ReseARCHMethods '),
('BIOL2310', 'Scientific Skills and Tools '),
('BIOL2317', 'Biomolecules and Cellular Regulation'),
('BIOL2318', 'Growth'),
('BIOL2322', 'Applied Biochemical Methods '),
('BIOL2332', 'Functional Genomics and Proteomics'),
('BIOL2355', 'Field Experience Practicum '),
('BIOL2357', 'Practical Biomedical Sciences'),
('BIOL2359', 'Thesis II '),
('BIOL2360', 'Thesis III '),
('BIOL2361', 'Anatomy and Physiology '),
('BIOL2362', 'Applied Microbiology '),
('BIOL2363', 'Biochemical Principles '),
('BIOL2364', 'Biochemistry '),
('BIOL2365', 'Biological Principles '),
('BIOL2367', 'Bioinformatics (AD) '),
('BIOL2369', 'Foundations of Human Biology '),
('BIOL2372', 'Limb and Trunk Anatomy'),
('BIOL2373', 'Human Physiology 2: Body Systems'),
('BIOL2382', 'Masters ReseARCH(48cp) '),
('BIOL2383', 'Masters ReseARCH(36cp) '),
('BIOL2384', 'Masters ReseARCH(24cp) '),
('BIOL2385', 'Masters ReseARCH(12cp) '),
('BIOL2386', 'PhD ReseARCH(48cp) '),
('BIOL2387', 'PhD ReseARCH(36cp) '),
('BIOL2388', 'PhD ReseARCH(24cp) '),
('BIOL2389', 'PhD ReseARCH(12cp) '),
('BIOL2390', 'Masters ReseARCH(48cp) '),
('BIOL2391', 'Masters ReseARCH(36cp) '),
('BIOL2392', 'Masters ReseARCH(24cp) '),
('BIOL2393', 'Masters ReseARCH(12cp) '),
('BIOL2394', 'PhD ReseARCH(48cp) '),
('BIOL2395', 'PhD ReseARCH(36cp) '),
('BIOL2396', 'PhD ReseARCH(24cp) '),
('BIOL2397', 'PhD ReseARCH(12cp) '),
('BIOL2398', 'ReseARCHMethods for Biological'),
('BUIL1005', 'Building Systems '),
('BUIL1128', 'Building Services'),
('BUIL1149', 'Property Economics'),
('BUIL1156', 'Project Administration'),
('BUIL1161', 'International Development '),
('BUIL1207', 'International Development Asia '),
('BUIL1215', 'ReseARCHProject'),
('BUIL1225', 'Sustainability in the built environment: A focus on building and design '),
('BUIL1227', 'Introduction to Construction Processes '),
('BUIL1228', 'Property and Capital Markets '),
('BUIL1229', 'Managing for Sustainability '),
('BUIL1231', 'Sustainability in the built environment: A focus on building and design '),
('BUIL1245', 'Construction Planning and Design 1'),
('BUIL1247', 'Introduction to Built Environment Law'),
('BUIL1249', 'Construction Enterprise'),
('BUIL1254', 'Management for Construction'),
('BUIL1256', 'Construct Planning & Design 2 '),
('BUIL1258', 'Structures and Materials 2'),
('BUIL1260', 'Construct Contract Administration'),
('BUIL1262', 'Construction'),
('BUIL1264', 'Construction Specialisation '),
('BUIL1268', 'Post Disaster Project Management '),
('BUIL1295', 'Masters ReseARCH(48cp) '),
('BUIL1296', 'Masters ReseARCH(36cp) '),
('BUIL1297', 'Masters ReseARCH(24cp) '),
('BUIL1298', 'Masters ReseARCH(12cp) '),
('BUIL1299', 'PhD ReseARCH(48cp) '),
('BUIL1300', 'PhD ReseARCH(36cp) '),
('BUIL1301', 'PhD ReseARCH(24cp) '),
('BUIL1302', 'PhD ReseARCH(12cp) '),
('BUIL1303', 'Construction Planning & Process Design '),
('BUIL1304', 'Integrated Construction Value Chains '),
('BUSM1001B', 'Management Masters Degree Thesis B '),
('BUSM1094', 'Organisational Behaviour'),
('BUSM1162', 'Management 1 Managing People '),
('BUSM1222', 'International Business'),
('BUSM1256B', 'Management Masters Degree Thesis B '),
('BUSM1269', 'Introduction to Project Management'),
('BUSM1271', 'Managing Project Teams'),
('BUSM1272', 'Project Design for Quality'),
('BUSM1273', 'Project Management Techniques'),
('BUSM1276', 'Evaluating and Managing Project Risk '),
('BUSM1278', 'Project Management Practice '),
('BUSM1311', 'The Entrepreneurial Process'),
('BUSM1321', 'Intrapreneurship'),
('BUSM1325', 'New Venture Creation'),
('BUSM1408', 'Business ReseARCHMethods '),
('BUSM1457', 'Textile Quality Management '),
('BUSM1474', 'Managing Supply Contracts '),
('BUSM1530', 'Leadership and Management'),
('BUSM1534', 'Marketing for Managers'),
('BUSM1539', 'MBA ReseARCHProject '),
('BUSM1542', 'Current Issues in Business '),
('BUSM1585', 'Supervised Professional Practice E '),
('BUSM1601B', 'PhD Thesis B '),
('BUSM1622B', 'Ph D Thesis (B '),
('BUSM1624B', 'PhD Thesis B '),
('BUSM1684', 'Strategic Management in Education '),
('BUSM1734', 'Risk Analysis and Assessment '),
('BUSM2083', 'Project Procurement and Ethics '),
('BUSM2084', 'Project Procurement and Ethics '),
('BUSM2112', 'Business Background'),
('BUSM2346', 'Management Decision Making '),
('BUSM2410', 'The Project Managers Workshop '),
('BUSM2449', 'International Human Resources'),
('BUSM3113', 'Multimedia Project: Business '),
('BUSM3119', 'Human Resource Management'),
('BUSM3122', 'Occupational Health and Safety Management'),
('BUSM3123', 'Organisational Theory'),
('BUSM3125', 'Strategic Management '),
('BUSM3127', 'Managing Across Cultures'),
('BUSM3132', 'Quality Management'),
('BUSM3149', 'Supply Chain Management'),
('BUSM3150', 'Applied Management '),
('BUSM3206', 'Justice Management'),
('BUSM3208B', 'Masters Degree Thesis B '),
('BUSM3209B', 'Masters Degree Thesis B '),
('BUSM3210B', 'PhD Thesis B '),
('BUSM3211B', 'PhD Thesis B '),
('BUSM3213', 'ReseARCHInvestigation 1'),
('BUSM3214', 'ReseARCHInvestigation 2 '),
('BUSM3243', 'Business and Economic Analysis'),
('BUSM3249', 'People and Organisations '),
('BUSM3255', 'Strategy'),
('BUSM3261', 'Business Operations (Strategy and Application)'),
('BUSM3279', 'Managing Collaborative Action Research '),
('BUSM3282', 'Collaborative Action ReseARCHProject '),
('BUSM3308', 'Techniques for Project Planning and Management'),
('BUSM3315', 'Medical Laboratory Quality Systems and Accreditation '),
('BUSM3327', 'Supply Chain Project Management'),
('BUSM3876', 'Thesis Project 6 '),
('BUSM3877', 'Thesis Project 7 '),
('BUSM3878', 'Practice-based Logistics ReseARCHProject 1 '),
('BUSM3882', 'Practice-based Logistics ReseARCHProject 2 '),
('BUSM3886', 'Business and Government in the Global Context '),
('BUSM3902', 'Business in a Global Context '),
('BUSM3922', 'Business Strategy'),
('BUSM3927', 'Strategic Business Leadership '),
('BUSM3962', 'Supervised Thesis 4B '),
('BUSM4054', 'Global Entrepreneurship'),
('BUSM4119', 'Asian Management Issues '),
('BUSM4126', 'Accounting for Bus Decisions'),
('BUSM4131', 'Leading People and Organisations'),
('BUSM4136', 'Corporate Social Responsibility and the Law'),
('BUSM4141', 'Financial Management'),
('BUSM4146', 'Change and Innovation'),
('BUSM4151', 'Introduction to Business Management '),
('BUSM4154', 'Accounting'),
('BUSM4157', 'Corporate Governance and Regulation'),
('BUSM4173', 'Information Centre Management'),
('BUSM4176', 'Introduction to Management'),
('BUSM4178', 'Issues in International Business'),
('BUSM4184', 'Luxury Fashion Business Management'),
('BUSM4300', 'Project Management Domains'),
('BUSM4301', 'Project Planning and Communications'),
('BUSM4302', 'Project Procurement Management'),
('BUSM4327', 'Health Classification and Clinical Coding '),
('BUSM4328', 'Management in Health '),
('BUSM4329', 'Managing Health Information '),
('BUSM4331', 'ReseARCHMethods for Project Management'),
('BUSM4333', 'Project Planning and Management Capstone Project'),
('BUSM4334', 'Program and Portfolio Management'),
('BUSM4335', 'Project Management Research'),
('BUSM4364', 'Implementing a Sustainable Enterprise Plan '),
('BUSM4365', 'People'),
('BUSM4366', 'e-Retail for Fashion and Textiles '),
('BUSM4367', 'International Business Design Project 1'),
('BUSM4368', 'International Business Design Project 2'),
('BUSM4369', 'Accounting Business Design Project 1 '),
('BUSM4370', 'Accounting Business Design Project 2 '),
('BUSM4371', 'Economics and Finance Business Design Project 1'),
('BUSM4372', 'Economics and Finance Business Design Project 2'),
('BUSM4373', 'Information Systems Business Design Project 1 '),
('BUSM4375', 'Information Systems Business Design Project 2'),
('BUSM4377', 'Marketing Business Design Project 1'),
('BUSM4378', 'Marketing Business Design Project 2'),
('BUSM4379', 'Logistics and Supply Chain Management Business Design Project 1'),
('BUSM4380', 'Logistics and Supply Chain Management Business Design Project 2'),
('BUSM4388', 'Sustainable International Business Futures'),
('BUSM4407', 'Advanced Project Risk Management '),
('BUSM4409', 'Information and Technology Management'),
('BUSM4411', 'Project Initiation Management '),
('BUSM4413', 'Strategic Project Delivery '),
('BUSM4415', 'Industry Project Investigation '),
('BUSM4417', 'Project Financial Management and Appraisal '),
('BUSM4420', 'ReseARCHDesign and Methods '),
('BUSM4422', 'Masters ReseARCH(48cp) '),
('BUSM4423', 'Masters ReseARCH(36cp) '),
('BUSM4424', 'Masters ReseARCH(24cp) '),
('BUSM4425', 'Masters ReseARCH(12cp) '),
('BUSM4426', 'PhD ReseARCH(48cp) '),
('BUSM4427', 'PhD ReseARCH(36cp) '),
('BUSM4428', 'PhD ReseARCH(24cp) '),
('BUSM4429', 'PhD ReseARCH(12cp) '),
('BUSM4430', 'Masters ReseARCH(48cp) '),
('BUSM4431', 'Masters ReseARCH(36cp) '),
('BUSM4432', 'Masters ReseARCH(24cp) '),
('BUSM4433', 'Masters ReseARCH(12cp) '),
('BUSM4434', 'PhD ReseARCH(48cp) '),
('BUSM4435', 'PhD ReseARCH(36cp) '),
('BUSM4436', 'PhD ReseARCH(24cp) '),
('BUSM4437', 'PhD ReseARCH(12cp) '),
('BUSM4438', 'Strategic Project Delivery '),
('CHEM1015', 'Environmental Chemistry 1B Fundamentals '),
('CHEM1031', 'Chemistry of Materials 2 '),
('CHEM1040', 'Chemistry Theory 2B'),
('CHEM1042', 'Chemistry Laboratory 2B'),
('CHEM1054', 'Instrumental and Environmental Analysis'),
('CHEM1059', 'Environmental Chemistry 2B'),
('CHEM1068', 'Chemistry Theory 3B'),
('CHEM1080', 'Advanced Spectroscopic Analysis'),
('CHEM1083', 'Food Chemistry'),
('CHEM1086', 'Environmental Chemistry 3B '),
('CHEM1226', 'Food Chemistry'),
('CHEM1233', 'Chemistry for Textiles '),
('CHEM1239', 'Chemistry for Life Sciences '),
('CHEM1242', 'Chemistry Principles '),
('CHEM1257', 'Analytical Science'),
('CHEM1260', 'Drug Delivery 2'),
('CHEM1275', 'Masters ReseARCH(48cp) '),
('CHEM1276', 'Masters ReseARCH(36cp) '),
('CHEM1277', 'Masters ReseARCH(24cp) '),
('CHEM1278', 'Masters ReseARCH(12cp) '),
('CHEM1279', 'PhD ReseARCH(48cp) '),
('CHEM1280', 'PhD ReseARCH(36cp) '),
('CHEM1281', 'PhD ReseARCH(24cp) '),
('CHEM1282', 'PhD ReseARCH(12cp) '),
('CIVE1015A', 'Masters Degree Thesis A '),
('CIVE1070B', 'Masters Degree Thesis B '),
('CIVE1092B', 'PhD Thesis B '),
('CIVE1094B', 'Ph D Thesis B '),
('CIVE1122', 'Advanced Hydrogeology '),
('CIVE1145', 'Catchment Water Management '),
('CIVE1155', 'Engineering Practice 6 Sustainable Infrastructure Design '),
('CIVE1159', 'Geotechnical Engineering 3'),
('CIVE1163', 'Long span and High rise Structures'),
('CIVE1177', 'Concrete Structures 1'),
('CIVE1178', 'Geotechnical Engineering 1'),
('CIVE1180', 'Transport Engineering 1'),
('CIVE1186', 'Engineering Practice 2 (Environmental Principles for Sustainable Design)'),
('CIVE1188', 'Structural Analysis'),
('CIVE1194', 'Construction Engineering'),
('CIVE1200', 'Wastewater Systems Design and Modelling'),
('CIVE1210', 'Steel Structures 2'),
('CIVE1212', 'AutoCAD for Civil Engineers '),
('CIVE1215', 'ReseARCHProject Part 1 '),
('CIVE1216', 'ReseARCHProject Part 2 '),
('CIVE1222', 'Advanced Structural Assessment'),
('CIVE1223', 'Systems Engineering for Civil Engineers '),
('CIVE1224', 'Structural Refurbishment and Retrofitting'),
('CIVE1225', 'Vibration and Dynamic Response of Structures'),
('CIVE1229', 'ReseARCHMethods'),
('CIVE1230', 'ReseARCHProject '),
('CIVE1236', 'Masters ReseARCH(48cp) '),
('CIVE1237', 'Masters ReseARCH(36cp) '),
('CIVE1238', 'Masters ReseARCH(24cp) '),
('CIVE1239', 'Masters ReseARCH(12cp) '),
('CIVE1240', 'PhD ReseARCH(48cp) '),
('CIVE1241', 'PhD ReseARCH(36cp) '),
('CIVE1242', 'PhD ReseARCH(24cp) '),
('CIVE1243', 'PhD ReseARCH(12cp) '),
('COMM1032', 'Authorship and Narrative in the Cinema'),
('COMM1033', 'Australian Cinema'),
('COMM1035', 'Asian Cinemas'),
('COMM1045', 'Television Journalism'),
('COMM1046', 'Advanced Print Reporting'),
('COMM1054', 'Advanced Radio Journalism'),
('COMM1073', 'Television Cultures'),
('COMM1079', 'Media Ethics'),
('COMM1086', 'Mass Media in Asia'),
('COMM1104', 'Communication and New Technology'),
('COMM1107', 'Globalized Communication and Culture '),
('COMM1123', 'Communication Management: Theory and Practice'),
('COMM1125', 'Strategic Management Communication'),
('COMM1126', 'Editing Principles and Practice'),
('COMM1130', 'Electronic Publishing'),
('COMM1161', 'Introduction to Public Relations'),
('COMM1177', 'Public Relations Techniques '),
('COMM1178', 'Professional ReseARCHand Evaluation'),
('COMM1181', 'Strategic Campaign Planning and Communication Management'),
('COMM1183', 'Issues in Public Relations Practice'),
('COMM1211', 'Communications 1  '),
('COMM1213', 'Communications 2  '),
('COMM1227', 'Advanced Reporting and Feature Writing'),
('COMM1229', 'Media and the Law'),
('COMM1241', 'Audio Technology 1a  '),
('COMM1271', 'Studio Recording  '),
('COMM1272', 'Studio Production '),
('COMM1301', 'Editing 1B'),
('COMM1309', 'Publishing Management Project '),
('COMM2057', 'Ethics'),
('COMM2058', 'Political Communication'),
('COMM2068', 'ReseARCHStrategies Design/Creative Arts'),
('COMM2069', 'Entrepreneurship for Creative Practitioners'),
('COMM2083', 'Stakeholder Communication'),
('COMM2089', 'Public Relations Campaigns'),
('COMM2098', 'Writing Angles: Popular and Professional '),
('COMM2107', 'Writing Media Texts'),
('COMM2137', 'Client Relationships'),
('COMM2140', 'Introduction to Literary Studies'),
('COMM2143', 'Strategic PR Planning'),
('COMM2147', 'Professional Writing'),
('COMM2148', 'General News Reporting'),
('COMM2187', 'Major Project and Production '),
('COMM2199', 'Literary Journalism: The Art and Craft of Telling True Stories'),
('COMM2213', 'Alternative Animation'),
('COMM2219', 'Networked Media'),
('COMM2220', 'Broadcast Media'),
('COMM2225', 'Experimental Video'),
('COMM2231', 'Online Journalism'),
('COMM2243', 'Integrated Media 2'),
('COMM2244', 'Narrative and Communication'),
('COMM2249', 'Film-TV 2'),
('COMM2250', 'Radio 1 '),
('COMM2252', 'Radio 2'),
('COMM2253', 'Sex and Gender in Asia'),
('COMM2257', 'Public Relations Research'),
('COMM2258', 'Complementary Skills for PR Practitioners '),
('COMM2301', 'Media Cultures 1'),
('COMM2305', 'Sound Design'),
('COMM2308', 'Print and Electronic Production'),
('COMM2309', 'Publishing Finance and Sales '),
('COMM2310', 'Editing 2: structural editing '),
('COMM2314', 'The Modern Soundtrack  '),
('COMM2321', 'Media Industries 2'),
('COMM2323', 'Production Project 2'),
('COMM2324', 'Interdisciplinary Communication Project'),
('COMM2325', 'Understanding Sports Media'),
('COMM2326', 'Workplace Communication A '),
('COMM2333', 'Client Management'),
('COMM2342', 'ReseARCHin Contextual Studies'),
('COMM2347', 'Major Project'),
('COMM2348', 'Major Project Design '),
('COMM2349', 'Major Project Implementation '),
('COMM2350', 'Reflective Practice and Exegesis'),
('COMM2358', 'Media Relations'),
('COMM2391', 'Writing Non-Ficton'),
('COMM2392', 'Contemporary Australian Writing'),
('COMM2395', 'Novel Writing Studio'),
('COMM2396', 'Literary Theory'),
('COMM2399', 'The Business of Creative Writing'),
('COMM2401', 'Screenplay Studio'),
('COMM2402', 'Politics'),
('COMM2404', 'Converged Newsroom'),
('COMM2409', 'Politics Communicated'),
('COMM2410', 'Journalism Ethics and Regulations'),
('COMM2411', 'Communication and Social Relations '),
('COMM2413', 'Communication Histories and Technologies '),
('COMM2416', 'Engaging the Mobile Environment '),
('COMM2422', 'Broadcast Journalism: Radio'),
('COMM2427', 'Audio Technology 1b  '),
('COMM2475', 'ReseARCHLaboratory Two '),
('COMM2477', 'ReseARCHPractice Two '),
('COMM2478', 'Global Media and Communication Industries '),
('COMM2530', 'Story'),
('COMM2531', 'Media Objects '),
('COMM2532', 'Contemporary Media Work Practices '),
('COMM2533', 'Post-Industrial Media '),
('COMM2534', 'Industrial Media '),
('COMM2535', 'Non-Fiction Project '),
('COMM2536', 'Fiction Project '),
('COMM2593', 'Digital Media Technologies'),
('COMM2598', 'Sound Design for Digital Media '),
('COMM2600', 'Visual Literacy for Digital Media'),
('COMM2605', 'Animation and Interactive Media Studies Futures'),
('COMM2612', 'Masters ReseARCH(48cp) '),
('COMM2613', 'Masters ReseARCH(36cp) '),
('COMM2614', 'Masters ReseARCH(24cp) '),
('COMM2615', 'Masters ReseARCH(12cp) '),
('COMM2616', 'PhD ReseARCH(48cp) '),
('COMM2617', 'PhD ReseARCH(36cp) '),
('COMM2618', 'PhD ReseARCH(24cp) '),
('COMM2619', 'PhD ReseARCH(12cp) '),
('COSC1011', 'Design for Interactive Media 2'),
('COSC1012', 'Content Design Project'),
('COSC1013', 'Design for Interactive Media 3'),
('COSC1014', 'Concept Development'),
('COSC1073', 'Programming 1'),
('COSC1076', 'Advanced Programming Techniques '),
('COSC1078', 'Introduction to Information Technology'),
('COSC1111', 'Data Communication and Net-Centric Computing'),
('COSC1112', 'Operating Systems Principles'),
('COSC1114', 'Operating Systems Principles'),
('COSC1131', 'Unix Systems Administration and Programming (Linux) '),
('COSC1133', 'Unix Systems Administration and Programming (Linux) '),
('COSC1147', 'Professional Computing Practice '),
('COSC1168', 'Internet and Intranet Document Engineering '),
('COSC1169', 'Internet and Intranet Document Engineering '),
('COSC1182', 'Usability Engineering '),
('COSC1183', 'Usability Engineering'),
('COSC1224', 'Real-Time Rendering and 3D Games Programming'),
('COSC1226', 'Real-Time Rendering and 3D Games Programming '),
('COSC1233', 'Broadcast Networks and Applications'),
('COSC1235', 'Broadcast Networks and Applications'),
('COSC1252', 'Programming Using C '),
('COSC1254', 'Programming Using C '),
('COSC1284', 'Programming Techniques '),
('COSC1285', 'Algorithms and Analysis'),
('COSC1295', 'Advanced Programming'),
('COSC1426', 'Digital Capture 201'),
('COSC1519', 'Introduction to Programming'),
('COSC2061', 'Data Communication and Net-Centric Computing'),
('COSC2123', 'Algorithms and Analysis'),
('COSC2177', 'Computer Science Honours Thesis '),
('COSC2178', '2D Design'),
('COSC2179', 'Minor Thesis/Project '),
('COSC2182', 'Advanced 3D Imaging and Animation'),
('COSC2191', 'Advanced Multimedia Authoring'),
('COSC2192', 'Time Based Media '),
('COSC2193', 'Digital Compositing'),
('COSC2194', 'Advanced Web Authoring '),
('COSC2271', 'Digital Media Computing'),
('COSC2272', 'Digital Media Computing'),
('COSC2274', 'Software Requirements Engineering '),
('COSC2275', 'Software Requirements Engineering '),
('COSC2276', 'Web Development Technologies'),
('COSC2277', 'Web Development Technologies'),
('COSC2301', 'Computer and Internet Forensics '),
('COSC2302', 'Computer and Internet Forensics '),
('COSC2309', 'Mobile Application Development'),
('COSC2343', 'Web Animation with Flash '),
('COSC2346', 'Multimedia Project: Computer Science '),
('COSC2347', 'Mobile Application Development'),
('COSC2349', 'Games Studio 2 '),
('COSC2350', 'Interactive Digital Media Project A '),
('COSC2351', 'Interactive Digital Media Project B'),
('COSC2352', 'Computer Games '),
('COSC2355', 'Principles of Multimedia Professional Practice'),
('COSC2356', 'Cooperative Work Placement Multimedia '),
('COSC2359', 'Computer Sound Production'),
('COSC2372', 'Digital Imaging for Commercial Practice 101'),
('COSC2373', 'Digital Imaging for Commercial Practice 102'),
('COSC2379', 'Web Imaging and Design'),
('COSC2382', 'Advanced Routing '),
('COSC2384', 'CCNA ICND '),
('COSC2385', 'CCNA Introduction'),
('COSC2386', 'IT Essentials'),
('COSC2388', 'Digital Video Projects 302'),
('COSC2389', 'Minor Thesis/Project Part A '),
('COSC2390', 'Minor Thesis/Project Part B '),
('COSC2391', 'Software Architecture: Design and Implementation '),
('COSC2395', 'Programming 1 '),
('COSC2396', 'Programming 2 '),
('COSC2397', 'Data Communication and Net-Centric Computing '),
('COSC2398', 'Software Engineering Fundamentals '),
('COSC2399', 'Programming Techniques '),
('COSC2401', 'Software Architecture: Design and Implementation '),
('COSC2408', 'Programming Project 1 '),
('COSC2409', 'Programming Project 2 '),
('COSC2410', 'Software Engineering Project A '),
('COSC2411', 'Software Engineering Project B'),
('COSC2413', 'Web Programming'),
('COSC2426', 'Web Programming'),
('COSC2446', 'Web Programming '),
('COSC2456', 'Advanced Topics in Distributed Systems and Networks'),
('COSC2457', 'Advanced Topics in Distributed Systems and Networks'),
('COSC2460', 'Computer Science Honours Thesis Part 1 '),
('COSC2461', 'Computer Science Honours Thesis Part 2 '),
('COSC2462', 'Preliminary Computer Science Honours Thesis '),
('COSC2463', 'Processes & Cultures of Photography 102'),
('COSC2473', 'Introduction to Computer Systems and Platform Technologies '),
('COSC2506', 'Unix Essentials for System  Administrators '),
('COSC2510', 'Introduction to Computer Systems and Platform Technologies '),
('COSC2511', 'Introduction to Programming '),
('COSC2527', 'Games and Artificial Intelligence Techniques'),
('COSC2528', 'Games and Artificial Intelligence Techniques'),
('COSC2531', 'Programming Fundamentals'),
('COSC2534', 'Operating Systems Administration '),
('COSC2536', 'Security in Computing and Information Technology '),
('COSC2537', 'Security in Computing and Information Technology'),
('COSC2615', 'Advanced Professional Development '),
('COSC2616', 'Software Engineering Postgraduate Project '),
('COSC2617', 'Masters ReseARCH(48cp) '),
('COSC2618', 'Masters ReseARCH(36cp) '),
('COSC2619', 'Masters ReseARCH(24cp) '),
('COSC2620', 'Masters ReseARCH(12cp) '),
('COSC2621', 'PhD ReseARCH(48cp) '),
('COSC2622', 'PhD ReseARCH(36cp) '),
('COSC2623', 'PhD ReseARCH(24cp) '),
('COSC2624', 'PhD ReseARCH(12cp) '),
('COSC2625', 'Building IT Systems '),
('COSC2626', 'Cloud Computing '),
('COSC2627', 'Discrete Structures in Computing'),
('COSC2628', 'User-centred Design '),
('COTH2042', 'Clinical Internship '),
('COTH2094', 'Classic Literature in Chinese Medicine '),
('COTH2107', 'Acupuncture Theory and Practice 1 '),
('COTH2108', 'Chinese Medicine Theory 2 '),
('COTH2111', 'Clinical Chinese Medicine 1 '),
('COTH2112', 'Classic Literature in Chinese Medicine (Acupuncture) '),
('COTH2114', 'Clinical Chinese Medicine 3 '),
('COTH2115', 'Supervised Clinical Practice 3 '),
('COTH2119', 'Chinese Materia Medica and Formulae 2'),
('COTH2126', 'Clinical Chinese Medicine 2'),
('COTH2127', 'Supervised Clinical Practice 1 '),
('COTH2135', 'Supervised Clinical Practice 4 '),
('COTH2136', 'Health Enhancement and Lifestyle Management '),
('COTH2138', 'Acupuncture Theory and Practice 1'),
('COTH2141', 'Chinese Medicine Theory 2'),
('COTH2144', 'Chinese Materia Medica and Formulae 1 '),
('COTH2149', 'Introduction to Body'),
('COTH2152', 'Body'),
('COTH2153', 'Wellness Practices and Perspectives '),
('COTH2154', 'Introduction to Aromatherapy '),
('COTH2155', 'Aromatherapy for Wellness '),
('COTH2162', 'Introduction to Yoga Fundamentals '),
('COTH2163', 'Yoga Fundamentals '),
('COTH2164', 'ReseARCHDissertation '),
('COTH2165', 'ReseARCHLiterature Review '),
('COTH2168', 'Acupuncture Techniques and Preparation for Chinese Medicine Clinical Practice'),
('COTH2173', 'Masters ReseARCH(48cp) '),
('COTH2174', 'Masters ReseARCH(36cp) '),
('COTH2175', 'Masters ReseARCH(24cp) '),
('COTH2176', 'Masters ReseARCH(12cp) '),
('COTH2177', 'PhD ReseARCH(48cp) '),
('COTH2178', 'PhD ReseARCH(36cp) '),
('COTH2179', 'PhD ReseARCH(24cp) '),
('COTH2180', 'PhD ReseARCH(12cp) '),
('CUED1030', 'Leading and Managing Change '),
('CUED1034', 'Working with Diversity '),
('CUED1092', 'Assessment Reporting and Evaluation  '),
('CUED1099', 'Reflective Teaching and Learning '),
('CUED1153', 'General Science Method B  '),
('CUED1155', 'Languages Other Than English Method B'),
('CUED1156', 'Health Method B'),
('CUED1157', 'Mathematics Method B'),
('CUED1176', 'Biology Method A'),
('CUED1187', 'General Science Method A  '),
('CUED1191', 'Biology Method B'),
('CUED1192', 'Chemistry Method B  '),
('CUED1193', 'Health Method B'),
('CUED1195', 'Languages Other Than English Method B '),
('CUED1197', 'Media Method B'),
('CUED1200', 'Physical Education Method B'),
('CUED1201', 'Psychology Method B'),
('CUED1202', 'English Method B'),
('CUED1203', 'General Science Method B  '),
('CUED1204', 'Mathematics Method B'),
('CUED1205', 'Humanities Method B'),
('CUED1206', 'Social Education Method B '),
('CUED1208', 'Physics Method B  '),
('CUED1209', 'Coaching and Mentoring Practices '),
('CUED1216', 'Minor Thesis A'),
('CUED1217', 'Minor Thesis B'),
('CUED1218', 'Minor Thesis C'),
('CUED1224', 'Contemporary Issues in Education '),
('CUED1230', 'Physical Education Honours Thesis II '),
('CUED1231', 'Physical Education Honours Thesis III '),
('EASC1076', 'Geological Site Investigation'),
('ECON1006B', 'Masters Degree Thesis B '),
('ECON1010', 'Macroeconomics 1'),
('ECON1020', 'Prices and Markets'),
('ECON1030', 'Business Statistics 1 '),
('ECON1042', 'Macroeconomics 2 '),
('ECON1048', 'Price Theory'),
('ECON1061', 'Quantitative Analysis '),
('ECON1066', 'Basic Econometrics '),
('ECON1082', 'International Monetary Economics '),
('ECON1086', 'International Trade '),
('ECON1091', 'Public Sector Economics'),
('ECON1095', 'Quantitative Methods in Finance'),
('ECON1113', 'Economic Analysis for Business'),
('ECON1116B', 'Masters Degree Thesis B '),
('ECON1125B', 'PhD Thesis B '),
('ECON1127B', 'PhD Thesis B '),
('ECON1188', 'Industry ReseARCHThesis A '),
('ECON1189', 'Industry ReseARCHThesis B '),
('ECON1195', 'Financial Econometrics'),
('ECON1214', 'Economics and Finance Work Integrated Learning 1 '),
('ECON1215', 'Economics and Finance Work Integrated Learning 2 '),
('ECON1216', 'Economics and Finance Work Experience in Industry 1 '),
('ECON1217', 'Economics and Finance Work Experience in Industry 2 '),
('ECON1232', 'Quantitative Methods for Accounting'),
('ECON1240', 'Public Sector Economics'),
('ECON1301', 'Masters ReseARCH(48cp) '),
('ECON1302', 'Masters ReseARCH(36cp) '),
('ECON1303', 'Masters ReseARCH(24cp) '),
('ECON1304', 'Masters ReseARCH(12cp) '),
('ECON1305', 'PhD ReseARCH(48cp) '),
('ECON1306', 'PhD ReseARCH(36cp) '),
('ECON1307', 'PhD ReseARCH(24cp) '),
('ECON1308', 'PhD ReseARCH(12cp) '),
('EEET1004B', 'M.Eng Electrical and Computer Thesis Full Time 2 '),
('EEET1070', 'Optical Fibre Communication Systems '),
('EEET1080', 'Satellite Communication Systems Engineering '),
('EEET1089', 'Network Services and Internet Applications '),
('EEET1126', 'Optical Fibre Communication Systems PG '),
('EEET1138', 'Satellite Communication Systems Engineering PG '),
('EEET1142', 'Project Preparation'),
('EEET1152', 'Network Services and Internet Applications (PG) '),
('EEET1159B', 'M.Eng Electrical and Computer Thesis Part Time 2 '),
('EEET1242', 'Electronics Minor Project '),
('EEET1255', 'Image Systems Engineering'),
('EEET1413', 'Sensors and Measurement Technologies'),
('EEET1415', 'Circuit and System Simulation '),
('EEET1417', 'Signal Processing for Multimedia and Telemedicine'),
('EEET1464', 'Sensors and Measurement Technologies'),
('EEET1467', 'Circuit and System Simulation (PG) '),
('EEET1490B', 'PhD Thesis Full Time Electrical and Computer Eng B '),
('EEET1497B', 'PhD Thesis Part Time Electrical and Computer Eng B '),
('EEET2036', 'Integrated Circuit Design (PG) '),
('EEET2037', 'EDA Tools and Design Methodologies (PG) '),
('EEET2038', 'Digital System Design (PG)'),
('EEET2046', 'Semiconductor Device Physics '),
('EEET2097', 'Electronic Circuits'),
('EEET2099', 'Variable Speed Drives '),
('EEET2106', 'Power System  Analysis and Control '),
('EEET2109', 'Control Systems '),
('EEET2113', 'Digital Signal Processing 1'),
('EEET2114', 'Wireless and Guided Waves '),
('EEET2145', 'Embedded Systems: Operating Systems and Interfacing '),
('EEET2151', 'Recent Advances in MicroNanoEngineering  '),
('EEET2152', 'Semiconductor Device Physics '),
('EEET2161', 'Smart Embedded Systems '),
('EEET2163', 'Advanced Digital Design 2 '),
('EEET2169', 'Image Processing'),
('EEET2221', 'Real Time Estimation and Control '),
('EEET2223', 'Real Time Estimation and Control '),
('EEET2224', 'Power Electronic Converters '),
('EEET2227', 'Smart Embedded Systems '),
('EEET2238', 'Biosignal Processing and Computing '),
('EEET2243', 'Multimedia Project: Engineering '),
('EEET2248', 'Engineering Methods '),
('EEET2249', 'Circuit Theory '),
('EEET2250', 'Engineering Computing 2'),
('EEET2251', 'Engineering Design 1'),
('EEET2254', 'Communication Engineering'),
('EEET2255', 'Electronics'),
('EEET2256', 'Introduction to Embedded Systems'),
('EEET2257', 'Engineering Design 2'),
('EEET2259', 'Engineering Design 3B'),
('EEET2261', 'Computer Architecture and Organisation'),
('EEET2267', 'Engineering Design 4A '),
('EEET2268', 'Engineering Design 4B '),
('EEET2271', 'Radar Systems 1'),
('EEET2286', 'Advanced Network Engineering'),
('EEET2287', 'Advanced Network Engineering'),
('EEET2292', 'Enterprise and Cloud Networks'),
('EEET2293', 'Enterprise and Cloud Networks'),
('EEET2294', 'Network Management  '),
('EEET2295', 'Network Management  '),
('EEET2300', 'Microfluidics and Bio-Micro-Electromechanical Systems '),
('EEET2310', 'Radar Systems 1'),
('EEET2312', 'ReseARCHProject '),
('EEET2313', 'ReseARCHProject Part 1 '),
('EEET2314', 'ReseARCHProject Part 2 '),
('EEET2332', 'Biosignal Processing and Computing '),
('EEET2334', 'Renewable Electrical Energy Systems'),
('EEET2335', 'Renewable Electrical Energy Systems'),
('EEET2338', 'Variable Speed Drives '),
('EEET2339', 'Power System  Analysis and Control '),
('EEET2346', 'Professional Engineering Project Part A'),
('EEET2347', 'Professional Engineering Project Part B'),
('EEET2349', 'Professional Engineering Advanced Project Part A '),
('EEET2350', 'Professional Engineering Advanced Project Part B '),
('EEET2370', 'Wireless Sensor Networks'),
('EEET2371', 'Wireless Sensor Networks'),
('EEET2372', 'Embedded Systems: Operating Systems and Interfacing '),
('EEET2386', 'Switched Mode Power Supplies '),
('EEET2387', 'Switched Mode Power Supplies '),
('EEET2389', 'Power Electronic Converters '),
('EEET2391', 'Lab-on-a-Chip'),
('EEET2392', 'Integrated Optics  '),
('EEET2393', 'Electronic Systems for Automotive Applications '),
('EEET2394', 'Electronic Systems for Automotive Applications '),
('EEET2396', 'Extended Professional Engineering Project 1 '),
('EEET2397', 'Extended Professional Engineering Project 2 '),
('EEET2398', 'Extended Professional Engineering Project 2 '),
('EEET2422', 'Mobile Computing'),
('EEET2425', 'Mobile Computing'),
('EEET2449', 'ReseARCHMethods for Engineers'),
('EEET2451', 'Masters ReseARCH(48cp) '),
('EEET2452', 'Masters ReseARCH(36cp) '),
('EEET2453', 'Masters ReseARCH(24cp) '),
('EEET2454', 'Masters ReseARCH(12cp) '),
('EEET2455', 'PhD ReseARCH(48cp) '),
('EEET2456', 'PhD ReseARCH(36cp) '),
('EEET2457', 'PhD ReseARCH(24cp) '),
('EEET2458', 'PhD ReseARCH(12cp) '),
('ENVI1004', 'Ecotoxicology '),
('ENVI1009', 'The Ecosphere'),
('ENVI1012', 'The Lithosphere'),
('ENVI1020', 'Work Health and Safety Legal Systems '),
('ENVI1038', 'Environmental Studies '),
('ENVI1043', 'Ecological Foundations of Planning'),
('ENVI1048', 'Indigenous Peoples and the Environment '),
('ENVI1049', 'Environmental Management'),
('ENVI1050', 'Policy Practice (Environment and Planning)'),
('ENVI1058', 'Environmental Work Practice'),
('ENVI1100', 'Resource Management 2'),
('ENVI1103', 'Social Planning '),
('ENVI1125', 'Resource Management 2'),
('ENVI1126', 'Challenges in Sustainability  '),
('ENVI1127', 'Environmental Policy'),
('ENVI1132', 'Natural Resource Management '),
('ENVI1134', 'Statutory Plan and Environment'),
('ENVI1138', 'Planning'),
('ENVI1139', 'Environmental Pollution Management'),
('ENVI1142', 'Earth''s Life Support Systems'),
('ENVI1144', 'Environmental Science Project '),
('ENVI1146', 'The Changing Environment'),
('ENVI1162', 'Ecosystems and Human Impact'),
('ENVI1179', 'Environmental Policy Project Vietnam '),
('ENVI1186', 'Sustainability Project 1 '),
('ENVI1187', 'Sustainability Project 2 '),
('ENVI1189', 'Sustainability Project 4 '),
('ENVI1190', 'Sustainability Exegesis '),
('ENVI1192', 'Environmental Sustainability'),
('ENVI1193', 'Environmental Sustainability'),
('ENVI1196', 'Natural Resource Management '),
('ENVI1206', 'Environment and Planning Work Placement '),
('ENVI1210', 'The Ecosphere'),
('EXTL1155', 'Outbound Exchange Aerospace Mechanical and Manufacturing Engineering 1 '),
('EXTL1157', 'Outbound Exchange Aerospace Mechanical and Manufacturing Engineering 2 '),
('EXTL1159', 'Outbound Exchange Aerospace Mechanical and Manufacturing Engineering 3 '),
('EXTL1161', 'Outbound Exchange Aerospace Mechanical and Manufacturing Engineering 4 '),
('EXTL1163', 'Outbound Exchange Civil'),
('EXTL1164', 'Outbound Exchange Civil'),
('EXTL1165', 'Outbound Exchange Civil'),
('EXTL1166', 'Outbound Exchange Civil'),
('EXTL1167', 'Outbound Exchange Civil'),
('EXTL1168', 'Outbound Exchange Civil'),
('EXTL1169', 'Outbound Exchange Civil'),
('EXTL1170', 'Outbound Exchange Civil'),
('EXTL1171', 'Outbound Exchange Electrical and Computer Engineering 1 '),
('EXTL1173', 'Outbound Exchange Electrical and Computer Engineering 2 '),
('EXTL1175', 'Outbound Exchange Electrical and Computer Engineering 3 '),
('EXTL1177', 'Outbound Exchange Electrical and Computer Engineering 4 '),
('EXTL1187', 'Outbound Exchange Computer Science and Information Technology 1 '),
('EXTL1188', 'Outbound Exchange Computer Science and Information Technology 1 '),
('EXTL1189', 'Outbound Exchange Computer Science and Information Technology 2 '),
('EXTL1190', 'Outbound Exchange Computer Science and Information Technology 2 '),
('EXTL1191', 'Outbound Exchange Computer Science and Information Technology 3 '),
('EXTL1192', 'Outbound Exchange Computer Science and Information Technology 3 '),
('EXTL1193', 'Outbound Exchange Computer Science and Information Technology 4 '),
('EXTL1194', 'Outbound Exchange Computer Science and Information Technology 4 '),
('EXTL1195', 'Outbound Exchange MATHand Geospacial Sciences 1 '),
('EXTL1197', 'Outbound Exchange MATHand Geospacial Sciences 2 '),
('EXTL1199', 'Outbound Exchange MATHand Geospacial Sciences 3 '),
('EXTL1201', 'Outbound Exchange MATHand Geospacial Sciences 4 '),
('EXTL1211', 'Outbound Exchange Medical Sciences 1 '),
('EXTL1213', 'Outbound Exchange Medical Sciences 2 '),
('EXTL1215', 'Outbound Exchange Medical Sciences 3 '),
('EXTL1217', 'Outbound Exchange Medical Sciences 4 '),
('EXTL1228', 'Outbound Exchange Architecture and Design 1 '),
('EXTL1230', 'Outbound Exchange Architecture and Design 2 '),
('EXTL1232', 'Outbound Exchange Architecture and Design 3 '),
('EXTL1234', 'Outbound Exchange Architecture and Design 4 '),
('EXTL1235', 'Outbound Exchange Property Construction and Project Management 1 '),
('EXTL1236', 'Outbound Exchange Property Construction and Project Management 1 '),
('EXTL1237', 'Outbound Exchange Property Construction and Project Management 2 '),
('EXTL1238', 'Outbound Exchange Property Construction and Project Management 2 '),
('EXTL1239', 'Outbound Exchange Property Construction and Project Management 3 '),
('EXTL1240', 'Outbound Exchange Property Construction and Project Management 3 '),
('EXTL1241', 'Outbound Exchange Property Construction and Project Management 4 '),
('EXTL1242', 'Outbound Exchange Property Construction and Project Management 4 '),
('EXTL1251', 'Outbound Exchange Media and Communication 1 '),
('EXTL1252', 'Outbound Exchange Media and Communication 1 '),
('EXTL1253', 'Outbound Exchange Media and Communication 2 '),
('EXTL1254', 'Outbound Exchange Media and Communication 2 '),
('EXTL1255', 'Outbound Exchange Media and Communication 3 '),
('EXTL1256', 'Outbound Exchange Media and Communication 3 '),
('EXTL1257', 'Outbound Exchange Media and Communication 4 '),
('EXTL1258', 'Outbound Exchange Media and Communication 4 '),
('EXTL1259', 'Outbound Exchange Art 1 '),
('EXTL1260', 'Outbound Exchange Art 1 '),
('EXTL1261', 'Outbound Exchange Art 2 '),
('EXTL1262', 'Outbound Exchange Art 2 '),
('EXTL1263', 'Outbound Exchange Art 3 '),
('EXTL1264', 'Outbound Exchange Art 3 '),
('EXTL1265', 'Outbound Exchange Art 4 '),
('EXTL1266', 'Outbound Exchange Art 4 '),
('EXTL1275', 'Outbound Exchange Fashion and Textiles 1 ');
INSERT INTO `courses` (`courseID`, `courseName`) VALUES
('EXTL1276', 'Outbound Exchange Fashion and Textiles 1 '),
('EXTL1277', 'Outbound Exchange Fashion and Textiles 2 '),
('EXTL1278', 'Outbound Exchange Fashion and Textiles 2 '),
('EXTL1279', 'Outbound Exchange Fashion and Textiles 3 '),
('EXTL1280', 'Outbound Exchange Fashion and Textiles 3 '),
('EXTL1281', 'Outbound Exchange Fashion and Textiles 4 '),
('EXTL1282', 'Outbound Exchange Fashion and Textiles 4 '),
('EXTL1283', 'Outbound Exchange Education 1 '),
('EXTL1285', 'Outbound Exchange Education 2 '),
('EXTL1287', 'Outbound Exchange Education 3 '),
('EXTL1289', 'Outbound Exchange Education 4 '),
('EXTL1291', 'Outbound Exchange Global Studies Social Science and Planning 1 '),
('EXTL1292', 'Outbound Exchange Global Studies Social Science and Planning 1 '),
('EXTL1293', 'Outbound Exchange Global Studies Social Science and Planning 2 '),
('EXTL1294', 'Outbound Exchange Global Studies Social Science and Planning 2 '),
('EXTL1295', 'Outbound Exchange Global Studies Social Science and Planning 3 '),
('EXTL1296', 'Outbound Exchange Global Studies Social Science and Planning 3 '),
('EXTL1297', 'Outbound Exchange Global Studies Social Science and Planning 4 '),
('EXTL1298', 'Outbound Exchange Global Studies Social Science and Planning 4 '),
('EXTL1307', 'Outbound Exchange Accounting 1 '),
('EXTL1309', 'Outbound Exchange Accounting 2 '),
('EXTL1311', 'Outbound Exchange Accounting 3 '),
('EXTL1313', 'Outbound Exchange Accounting 4 '),
('EXTL1315', 'Outbound Exchange Business Information Technology and Logistics 1 '),
('EXTL1317', 'Outbound Exchange Business Information Technology and Logistics 2 '),
('EXTL1319', 'Outbound Exchange Business Information Technology and Logistics 3 '),
('EXTL1321', 'Outbound Exchange Business Information Technology and Logistics 4 '),
('EXTL1323', 'Outbound Exchange Economics'),
('EXTL1325', 'Outbound Exchange Economics'),
('EXTL1327', 'Outbound Exchange Economics'),
('EXTL1329', 'Outbound Exchange Economics'),
('EXTL1331', 'Outbound Exchange Management 1 '),
('EXTL1333', 'Outbound Exchange Management 2 '),
('EXTL1335', 'Outbound Exchange Management 3 '),
('EXTL1337', 'Outbound Exchange Management 4 '),
('EXTL1355', 'Outbound Exchange Business Information Technology and Logistics 5 '),
('EXTL1356', 'Outbound Exchange Business Information Technology and Logistics 6 '),
('EXTL1357', 'Outbound Exchange Business Information Technology and Logistics 7 '),
('EXTL1358', 'Outbound Exchange Business Information Technology and Logistics 8 '),
('EXTL1363', 'Outbound Exchange Management 5 '),
('EXTL1364', 'Outbound Exchange Management 6 '),
('EXTL1365', 'Outbound Exchange Management 7 '),
('EXTL1366', 'Outbound Exchange Management 8 '),
('EXTL1379', 'Outbound Exchange Property Construction and Project Management 5 '),
('EXTL1380', 'Outbound Exchange Property Construction and Project Management 6 '),
('EXTL1381', 'Outbound Exchange Property Construction and Project Management 7 '),
('EXTL1382', 'Outbound Exchange Property Construction and Project Management 8 '),
('EXTL1387', 'Outbound Exchange Media and Communication 5 '),
('EXTL1388', 'Outbound Exchange Media and Communication 6 '),
('EXTL1389', 'Outbound Exchange Media and Communication 7 '),
('EXTL1390', 'Outbound Exchange Media and Communication 8 '),
('EXTL1407', 'Outbound Exchange Global Studies Social Science and Planning 5 '),
('EXTL1408', 'Outbound Exchange Global Studies Social Science and Planning 6 '),
('EXTL1409', 'Outbound Exchange Global Studies Social Science and Planning 7 '),
('EXTL1410', 'Outbound Exchange Global Studies Social Science and Planning 8 '),
('EXTL1419', 'Outbound Exchange Civil and Chemical Engineering 5 '),
('EXTL1420', 'Outbound Exchange Civil and Chemical Engineering 6 '),
('EXTL1421', 'Outbound Exchange Civil and Chemical Engineering 7 '),
('EXTL1422', 'Outbound Exchange Civil and Chemical Engineering 8 '),
('EXTL1423', 'Outbound Exchange Electrical and Computer Engineering 5 '),
('EXTL1427', 'Outbound Exchange Applied Sciences 5 '),
('EXTL1428', 'Outbound Exchange Applied Sciences 6 '),
('EXTL1429', 'Outbound Exchange Applied Sciences 7 '),
('EXTL1430', 'Outbound Exchange Applied Sciences 8 '),
('EXTL1431', 'Outbound Exchange Computer Science and Information Technology 5 '),
('EXTL1432', 'Outbound Exchange Computer Science and Information Technology 6 '),
('EXTL1433', 'Outbound Exchange Computer Science and Information Technology 7 '),
('EXTL1434', 'Outbound Exchange Computer Science and Information Technology 8 '),
('EXTL1439', 'Outbound Exchange Health Sciences 5 '),
('EXTL1440', 'Outbound Exchange Health Sciences 6 '),
('EXTL1441', 'Outbound Exchange Health Sciences 7 '),
('EXTL1442', 'Outbound Exchange Health Sciences 8 '),
('EXTL1454', 'Outbound Exchange Architecture and Design 5 '),
('EXTL1455', 'Outbound Exchange Architecture and Design 6 '),
('EXTL1456', 'Outbound Exchange Architecture and Design 7 '),
('EXTL1457', 'Outbound Exchange Architecture and Design 8 '),
('EXTL1462', 'Outbound Exchange Global Studies Social Science and Planning 5 '),
('EXTL1463', 'Outbound Exchange Global Studies Social Science and Planning 6 '),
('EXTL1480', 'Outbound Exchange Media and Communication 5 '),
('EXTL1481', 'Outbound Exchange Media and Communication 6 '),
('EXTL1482', 'Outbound Exchange Media and Communication 7 '),
('EXTL1483', 'Outbound Exchange Media and Communication 8 '),
('EXTL1484', 'Outbound Exchange Graduate School of Business and LAW1 '),
('EXTL1485', 'Outbound Exchange Graduate School of Business and LAW2 '),
('EXTL1486', 'Outbound Exchange Graduate School of Business and LAW3 '),
('EXTL1487', 'Outbound Exchange Graduate School of Business and LAW4 '),
('EXTL1488', 'Outbound Exchange Architecture and Design B2 1 '),
('EXTL1489', 'Outbound Exchange Architecture and Design B2 2 '),
('EXTL1490', 'Outbound Exchange Architecture and Design B2 3 '),
('EXTL1491', 'Outbound Exchange Architecture and Design B2 4 '),
('EXTL1492', 'Outbound Exchange Architecture and Design B2 5 '),
('EXTL1493', 'Outbound Exchange Architecture and Design B2 6 '),
('EXTL1494', 'Outbound Exchange Architecture and Design B2 7 '),
('EXTL1495', 'Outbound Exchange Architecture and Design B2 8 '),
('EXTL1496', 'Outbound Exchange Architecture and Design B1 1 '),
('EXTL1497', 'Outbound Exchange Architecture and Design B1 2 '),
('EXTL1498', 'Outbound Exchange Architecture and Design B1 3 '),
('EXTL1499', 'Outbound Exchange Architecture and Design B1 4 '),
('EXTL1500', 'Outbound Exchange Architecture and Design B1 5 '),
('EXTL1501', 'Outbound Exchange Architecture and Design B1 6 '),
('EXTL1502', 'Outbound Exchange Architecture and Design B1 7 '),
('EXTL1503', 'Outbound Exchange Architecture and Design B1 8 '),
('EXTL1506', 'Outbound Exchange Economics'),
('EXTL1508', 'Outbound Exchange Economics'),
('EXTL1510', 'Outbound Exchange Economics'),
('EXTL1512', 'Outbound Exchange Economics'),
('GEOM1022', 'Physical Geography'),
('GEOM1033', 'Spatial Information Science 1'),
('GEOM1044', 'Spatial Information Science 2'),
('GEOM1159', 'GIS Fundamentals'),
('GEOM1163', 'Gis Principles'),
('GEOM1167', 'Gis Applications'),
('GEOM1169', 'Major Project '),
('GEOM1179A', 'Masters Degree Thesis A '),
('GEOM1179B', 'Masters Degree Thesis B '),
('GEOM1183A', 'Masters Degree Thesis A '),
('GEOM1183B', 'Masters Degree Thesis B '),
('GEOM1195A', 'PhD Thesis A '),
('GEOM1195B', 'PhD Thesis B '),
('GEOM1197A', 'PhD Thesis A '),
('GEOM1197B', 'PhD Thesis B '),
('GEOM2066', 'Satellite Positioning'),
('GEOM2072', 'Dissertation '),
('GEOM2073', 'Dissertation Part A (Preparation) '),
('GEOM2074', 'Dissertation Part B (Implementation) '),
('GEOM2083', 'Applied Geospatial Techniques '),
('GEOM2084', 'Remote Sensing and Photogrammetry 1'),
('GEOM2091', 'Surveying 3'),
('GEOM2093', 'Surveying 4'),
('GEOM2095', 'Spatial Information Science 4'),
('GEOM2102', 'Cadastral Surveying 2'),
('GEOM2104', 'Engineering Surveying 1'),
('GEOM2115', 'Geospatial Science Major Project B '),
('GEOM2116', 'Professional Practice'),
('GEOM2117', 'Map Projections'),
('GEOM2121', 'Survey Network Design and Analysis'),
('GEOM2129', 'Major Project Part A (Preparation) '),
('GEOM2130', 'Major Project Part B (Implementation) '),
('GEOM2131', 'Site Investigation  Geology and Surveying'),
('GEOM2139', 'GPS Mapping'),
('GEOM2140', 'Distributed Mapping'),
('GEOM2141', 'Advanced Cartography'),
('GEOM2142', 'Distributed Mapping'),
('GEOM2143', 'Masters ReseARCH(48cp) '),
('GEOM2144', 'Masters ReseARCH(36cp) '),
('GEOM2145', 'Masters ReseARCH(24cp) '),
('GEOM2146', 'Masters ReseARCH(12cp) '),
('GEOM2147', 'PhD ReseARCH(48cp) '),
('GEOM2148', 'PhD ReseARCH(36cp) '),
('GEOM2149', 'PhD ReseARCH(24cp) '),
('GEOM2150', 'PhD ReseARCH(12cp) '),
('GRAP1031', 'User Centred Design Studio'),
('GRAP1032', 'Design for Sustainability Studio'),
('GRAP1033', 'Design Studio: Critical and Creative Concerns '),
('GRAP1034', 'Design Studio: Design in Industry '),
('GRAP1035', 'Design Studio: Design in the ReseARCHContext '),
('GRAP1036', 'Design Drawing: ideas'),
('GRAP1037', '3D Printing for Creatives: How to use new technology to make things in a multi-disciplinary setting'),
('GRAP1038', 'Make Things Interactive: How to create physically interactive objects and environments'),
('GRAP1040', 'Industrial Design Honours Project Part Two: Design ReseARCHand Prototyping'),
('GRAP1041', 'Design in Society: Histories'),
('GRAP1042', 'Industrial Design Ecologies: Sustainability'),
('GRAP1043', 'Industrial Design Tactics: Temporal'),
('GRAP1044', 'Industrial Design Studies Specialisation '),
('GRAP1049', 'Industrial Design Drawing'),
('GRAP1050', 'CAID to CAM'),
('GRAP1051', 'Industrial Design Engineering: Materials'),
('GRAP1052', 'Design Prototyping: Materials'),
('GRAP1270', 'Textile Industry and Textile Manufacturing Economics '),
('GRAP2075', 'Considering Design: Theory and Practice '),
('GRAP2076', 'Design Management and Quality Systems'),
('GRAP2078', 'Client Service and Analysis '),
('GRAP2080', 'Identity Management and Branding '),
('GRAP2081', 'Design'),
('GRAP2086', 'The Language of Communication Design '),
('GRAP2137', 'New Media Technology and Process '),
('GRAP2138', 'Web Software and Design'),
('GRAP2139', 'Contextual Studies '),
('GRAP2140', 'Information and Interface'),
('GRAP2142', 'Professional Practice Project'),
('GRAP2143', 'Publication Design'),
('GRAP2163', 'Global Business Issues in Fashion and Textiles'),
('GRAP2175', 'Introduction to Graphic Design '),
('GRAP2200', 'Communication Design History and Theory B'),
('GRAP2217', 'Digital Imaging with Photoshop '),
('GRAP2219', 'Luxury Brand Management '),
('GRAP2221', 'Industrial Design Studio Specialisation '),
('GRAP2223', 'Fashion Technology 3 '),
('GRAP2225', 'Methods in Design ReseARCHand Practice'),
('GRAP2226', 'Fashion Studies 2  '),
('GRAP2238', 'Fashion Design ReseARCHB  '),
('GRAP2240', 'Introduction to Patternmaking  '),
('GRAP2243', 'Fashion Design Studio 3  '),
('GRAP2244', 'Fashion Design Studio 4  '),
('GRAP2251', 'Communication Design Studio 5 '),
('GRAP2256', 'Communication Design Project '),
('GRAP2257', 'Communication Design Professional Practice 1 '),
('GRAP2270', 'Communication Design Studio 1'),
('GRAP2272', 'Communication Design Studio 2'),
('GRAP2277', 'Communication Design Studio E'),
('GRAP2278', 'Communication Design Studio F (Technology)'),
('GRAP2279', 'Communication Design Studio D'),
('GRAP2280', 'Communication Design Entrepreneurship '),
('GRAP2288', 'Textile Design Knit Elective'),
('GRAP2289', 'Textile Design Print Elective'),
('GRAP2313', 'Campaigns'),
('GRAP2315', 'Design for Advertising '),
('GRAP2318', 'Multimedia Project: Design '),
('GRAP2319', 'Copywriting'),
('GRAP2323', 'Creative Practice and Skills'),
('GRAP2326', '3D Character: Create and Animate and Special Effects'),
('GRAP2328', 'Introduction to Trend Forecasting Elective '),
('GRAP2335', 'Digital Textile Design and Illustration'),
('GRAP2337', 'Textile Practice and Theory'),
('GRAP2343', 'Digital Textile Design and the Marketplace'),
('GRAP2350', 'Textile Professional Practice'),
('GRAP2356', 'Design Studio 1 '),
('GRAP2358', 'Imaging 2'),
('GRAP2364', 'Fashion Design Studio 2  '),
('GRAP2371', 'Advertising Projects '),
('GRAP2388', 'Trend Forecasting for Fashion and Textiles'),
('GRAP2389', 'CATD3 Computer Aided Fashion and Textile Design'),
('GRAP2391', 'Major Project'),
('GRAP2415', 'Advertising Professional Practice 1'),
('GRAP2416', 'Digital Creative Direction'),
('GRAP2417', 'Advertising and Society'),
('GRAP2428', 'Advanced Case Studies in Fashion and Textiles'),
('GRAP2450', 'Fashion Design Elective 1  '),
('GRAP2451', 'Fashion Design Elective 2  '),
('GRAP2452', 'Fashion Design Elective 3  '),
('GRAP2453', 'Fashion Design Professional Practice 1  '),
('GRAP2455', 'Fashion Design Professional Practice 3  '),
('GRAP2457', 'Fashion Design Studio 5  '),
('GRAP2458', 'Fashion Design Studio 6  '),
('GRAP2460', 'Fashion Design Studio 8  '),
('GRAP2493', 'Design Narratives'),
('GRAP2494', 'Service Design for Communication Designers '),
('GRAP2495', 'Professional Practice'),
('GRAP2496', 'Advanced Communication Design'),
('GRAP2501', 'Illustration for Graphic Design'),
('GRAP2557', 'Textile Design Studio Surface'),
('GRAP2558', 'Textile Design Studio Structure'),
('GRAP2560', 'Textile Design Studio Space'),
('GRAP2562', 'Textile Design ReseARCHProject'),
('GRAP2564', 'Sustainable Product Design and Development for Fashion and Textiles'),
('GRAP2570', 'Atelier'),
('GRAP2571', 'Design Practicum'),
('GRAP2572', 'Electronic and Interactive Prototyping'),
('GRAP2573', 'Industrial Design Honours: Reflection and Exposition'),
('GRAP2575', 'Advanced Industrial Design Engineering'),
('GRAP2576', 'Advanced Industrial Design Visualisation'),
('GRAP2577', 'Advanced CAID'),
('GRAP2578', 'Industrial Design Prototyping and Complex Fabrication'),
('GRAP2588', 'Design for Digital Media 2 '),
('GRAP2594', 'Animation and Interactive Media Studio 2'),
('GRAP2595', 'Animation and Interactive Media Studio 3'),
('GRAP2598', 'Masters ReseARCH(48cp) '),
('GRAP2599', 'Masters ReseARCH(36cp) '),
('GRAP2600', 'Masters ReseARCH(24cp) '),
('GRAP2601', 'Masters ReseARCH(12cp) '),
('GRAP2602', 'Masters ReseARCH(48cp) '),
('GRAP2603', 'Masters ReseARCH(36cp) '),
('GRAP2604', 'Masters ReseARCH(24cp) '),
('GRAP2605', 'Masters ReseARCH(12cp) '),
('GRAP2606', 'PhD ReseARCH(48cp) '),
('GRAP2607', 'PhD ReseARCH(36cp) '),
('GRAP2608', 'PhD ReseARCH(24cp) '),
('GRAP2609', 'PhD ReseARCH(12cp) '),
('GRAP2610', 'Fashion Material Studies 1  '),
('GRAP2611', 'Fashion Material Studies 2  '),
('GRAP2613', 'ReseARCHStrategies Fashion and Textiles Business and Management'),
('HUSO1081', 'Asian Economic Development  '),
('HUSO1104', 'Human Geography'),
('HUSO1122', 'Field Education (Legal and Dispute Studies) '),
('HUSO1175', 'Ageing and Society '),
('HUSO1213', 'Organisational Studies '),
('HUSO1222', 'ReseARCHStrategies Social Sciences '),
('HUSO1226', 'Honours Thesis B '),
('HUSO1283', 'Social Work ReseARCH(Social Work Theory and Practice 4C) '),
('HUSO2036', 'International Development: Themes'),
('HUSO2066', 'Indigenous Land Use (Voc Conf) '),
('HUSO2068', 'Community Development Strategies (Social Work Theory and Practice IV) '),
('HUSO2072', 'Health Issues in Development '),
('HUSO2073', 'Governance and Democracy in Developing Countries '),
('HUSO2074', 'Theories of Development '),
('HUSO2075', 'Social and  Political Theory '),
('HUSO2078', 'Aid'),
('HUSO2079', 'ReseARCHStrategies Social Sciences '),
('HUSO2085', 'Gender Issues in Development '),
('HUSO2093', 'Field Education (Psychology) '),
('HUSO2096', 'International NGOs'),
('HUSO2105', 'Introduction to Australian Society (EXCH)'),
('HUSO2118', 'Honours Thesis A '),
('HUSO2120', 'Deviance'),
('HUSO2145', 'Talking Art: Inside the Artists Practice  '),
('HUSO2150', 'Human Geography'),
('HUSO2155', 'Field Education (Social Science) '),
('HUSO2158', 'Learning and Participation in Development '),
('HUSO2159', 'International Project Planning and Design '),
('HUSO2160', 'Transforming Organisations'),
('HUSO2164', 'Social Construction of the Self'),
('HUSO2166', 'Foundations of Social Research'),
('HUSO2170', 'Field Project'),
('HUSO2195', 'Nationalism'),
('HUSO2197', 'Human Trafficking '),
('HUSO2198', 'Human Trafficking '),
('HUSO2201', 'The Sociology of Drug Use '),
('HUSO2213', 'Art History and Theory 2 '),
('HUSO2230', 'Criminal LAWand Procedure A '),
('HUSO2231', 'Criminal LAWand Procedure A '),
('HUSO2233', 'Victimology'),
('HUSO2234', 'Victimology'),
('HUSO2244', 'The Social Role of the Artist '),
('HUSO2246', 'Contemporary Asian Art '),
('HUSO2248', 'Art'),
('HUSO2266', 'Critical Ideas in Contemporary Social and Political Theory'),
('HUSO2295', 'Applied Human Rights and Indigenous Peoples '),
('HUSO2301', 'Applied Human Rights and Indigenous Peoples '),
('HUSO2313', 'Thesis Preparation '),
('HUSO2314', 'International Internship '),
('HUSO2318', 'Contemporary Europe: Unity'),
('HUSO2322', 'Art'),
('HUSO2329', 'Globalising Societies '),
('HUSO2341', 'The Urban Age'),
('HUSO2343', 'Language'),
('HUSO2344', 'Sociology of Social Problems '),
('HUSO2346', 'International Development ReseARCHProject '),
('HUSO2350', 'Masters Minor Thesis '),
('HUSO2351', 'Masters Minor Thesis 1 '),
('HUSO2352', 'Masters Minor Thesis 2 '),
('HUSO2353', 'PhD ReseARCH(48cp) '),
('HUSO2354', 'PhD ReseARCH(36cp) '),
('HUSO2355', 'PhD ReseARCH(24cp) '),
('HUSO2356', 'PhD ReseARCH(12cp) '),
('HUSO2357', 'Masters ReseARCH(48cp) '),
('HUSO2358', 'Masters ReseARCH(36cp) '),
('HUSO2359', 'Masters ReseARCH(24cp) '),
('HUSO2360', 'Masters ReseARCH(12cp) '),
('HUSO2361', 'ReseARCHStrategies '),
('HUSO2362', 'Qualitative ReseARCHTechniques '),
('HWSS1125', 'Professional Development and Training in Careers Practice '),
('HWSS1134', 'Social Work Field Analysis'),
('HWSS1137', 'Social Work Field Education 1 '),
('HWSS1143', 'Social Work Field Education 2 '),
('HWSS1144', 'Alternative Dispute Resolution'),
('HWSS2078', 'Youth Policy (Youth Work Theory and Practice 5)'),
('HWSS2086', 'Lifespan Opportunities for People with a Disability'),
('HWSS2091', 'Introduction to Social Work Practice'),
('HWSS2092', 'Social Work with Families '),
('HWSS2093', 'Social Work with Groups '),
('HWSS2095', 'Young People and Health'),
('HWSS2101', 'Professional Practices in Disability 2B'),
('HWSS2102', 'Practicum B'),
('HWSS2108', 'Working with Support Networks'),
('HWSS2113', 'Social Work Field Education 1 (Advanced) '),
('HWSS2114', 'Social Work Field Education 2 (Advanced) '),
('HWSS2116', 'Youth Justice Systems'),
('HWSS2117', 'Youth Justice Systems'),
('HWSS2130', 'Mapping the Youth Sector'),
('HWSS2133', 'Models of Practice and Sites of Intervention'),
('HWSS2140', 'Youth Work and the Schooling System '),
('HWSS2142', 'Youth Studies and Social Action'),
('HWSS2156', 'Professional Internship '),
('HWSS2160', 'Field Investigation '),
('HWSS2163', 'LAWfor Social Work Practice'),
('HWSS2164', 'Professional Practice in Social Work'),
('HWSS2168', 'Youth Work Field Education 2nd Year'),
('HWSS2169', 'Youth Work Field Education 3rd Year '),
('HWSS2171', 'Assessment of Clients with Alcohol and/or Other Drugs Issues'),
('HWSS2172', 'Working with Clients with Alcohol and/or Other Drugs Issues'),
('HWSS2181', 'Criminal Justice Internship '),
('HWSS2182', 'Mental Health Social Work '),
('HWSS2185', 'Administration Study '),
('HWSS2186', 'Professional Internship '),
('HWSS2192', 'Professional Competencies for Career Development Practitioners (1) '),
('HWSS2193', 'Professional Competencies for Career Development Practitioners (2) '),
('HWSS2194', 'Vocational Assessment '),
('HWSS2195', 'Foundations of Narrative Counselling '),
('HWSS2196', 'Advanced Narrative Counselling '),
('HWSS2197', 'Program Delivery in Career Development '),
('HWSS2198', 'Project Management in Career Development '),
('HWSS2202', 'The Practice of Mediation'),
('HWSS2205', 'Social Work Honours Project 2 '),
('INTE1002', 'Information Systems Security'),
('INTE1014', 'The Information Technology Industry'),
('INTE1030', 'Information Technology Strategy'),
('INTE1040', 'Business Intelligence'),
('INTE1058B', 'Masters Degree Thesis B '),
('INTE1114', 'Introduction to IT (For Textiles) '),
('INTE1120', 'Introduction to Information Security'),
('INTE1124', 'Coding for Reliable Communications'),
('INTE1125', 'Cryptography and Security'),
('INTE1129', 'Smartcard Cryptosystems'),
('INTE1130', 'Industry Awareness Project '),
('INTE1131', 'Industry Linkage Project '),
('INTE1146B', 'PhD Thesis B '),
('INTE1148B', 'PhD Thesis B '),
('INTE1208', 'eProcurement and Supply Chain Technologies'),
('INTE2035', 'Cryptography and Security'),
('INTE2043', 'Business Information Technology'),
('INTE2044', 'Networking in Business'),
('INTE2047', 'E-Business Systems 1'),
('INTE2090', 'Coding for Reliable Communications'),
('INTE2107', 'Flexible modelling for Design and Prototyping '),
('INTE2108', 'Flexible modelling for Design and Prototyping '),
('INTE2109', 'Information Systems: Work Integrated Learning 1 '),
('INTE2110', 'Information Systems:  Work Integrated Learning 2 '),
('INTE2111', 'Information Systems: Work Experience Industry 1 '),
('INTE2112', 'Information Systems Work Experience Industry 2 '),
('INTE2375', 'Software Engineering Principles and Practice 2 '),
('INTE2377', 'Approved Industry Experience 2 '),
('INTE2392', 'Minor Thesis Part 1 '),
('INTE2393', 'Minor Thesis Part 2 '),
('INTE2397', 'Knowledge Management'),
('INTE2403', 'Enterprise Information Systems Security '),
('INTE2412', 'IT Governance and Change Management'),
('INTE2499', 'Masters ReseARCH(48cp) '),
('INTE2500', 'Masters ReseARCH(36cp) '),
('INTE2501', 'Masters ReseARCH(24cp) '),
('INTE2502', 'Masters ReseARCH(12cp) '),
('INTE2503', 'PhD ReseARCH(48cp) '),
('INTE2504', 'PhD ReseARCH(36cp) '),
('INTE2505', 'PhD ReseARCH(24cp) '),
('INTE2506', 'PhD ReseARCH(12cp) '),
('ISYS1002B', 'Masters Degree Thesis B '),
('ISYS1015', 'Management of Computing Resources'),
('ISYS1028', 'Global Business and Social Technology: A Case Study Approach '),
('ISYS1033', 'IT Project Management'),
('ISYS1039', 'Business Analysis and Design 1'),
('ISYS1055', 'Database Concepts'),
('ISYS1072', 'Knowledge and Data Warehousing'),
('ISYS1073', 'Knowledge and Data Warehousing'),
('ISYS1078', 'Information Retrieval'),
('ISYS1079', 'Information Retrieval'),
('ISYS1085', 'Software Testing'),
('ISYS1087', 'Software Testing'),
('ISYS1117', 'Software Engineering Fundamentals'),
('ISYS1118', 'Software Engineering Fundamentals'),
('ISYS1124', 'Web Database Applications'),
('ISYS1126', 'Web Database Applications'),
('ISYS1168', 'Document Management 2'),
('ISYS1186', 'The Global Network '),
('ISYS2038', 'Foundations of Database Development'),
('ISYS2046', 'Introduction to Information Systems Development'),
('ISYS2047', 'Information Systems Development 1'),
('ISYS2048', 'Information Systems Development 2'),
('ISYS2056', 'Business Computing 1'),
('ISYS2061', 'Internet for Business '),
('ISYS2067', 'Business Solutions Using Spreadsheet Models'),
('ISYS2081', 'The Global Network'),
('ISYS2380', 'Business Globalisation: A Study Abroad Canada '),
('ISYS2381', 'Business Globalisation: A Study Abroad Canada '),
('ISYS2390', 'Database Concepts '),
('ISYS2391', 'Strategic Information Systems and Accounting'),
('ISYS2394', 'Globalization and Business IT'),
('ISYS2395', 'Business Systems Analysis and Design 1'),
('ISYS2412', 'Professional Business Practice '),
('ISYS2421', 'Business Database Fundamentals'),
('ISYS2423', 'Information Systems Strategy and Governance'),
('ISYS2425', 'Introduction to Enterprise Systems'),
('ISYS2443', 'Professional Practice '),
('ISYS2446', 'ReseARCHMethods '),
('ISYS2447', 'Minor Thesis '),
('ISYS2448', 'Minor Thesis A '),
('ISYS2452', 'Business Analysis and Design 2'),
('ISYS2454', 'Minor Thesis B '),
('ISYS3298', 'Investigations in Business Information Technology'),
('ISYS3300', 'Professional Issues'),
('ISYS3303', 'Business Information Technology Project '),
('ISYS3316', 'Introduction to Health Information Systems '),
('ISYS3347', 'Introduction to ReseARCHMethods'),
('JUST2237', 'Crime Prevention '),
('JUST2244', 'Crime Prevention '),
('JUST2253', 'Police Administration '),
('JUST2254', 'Police Administration '),
('JUST2262', 'Advanced Criminal Justice Theory and Application'),
('JUST2264', 'Advanced Criminal Justice Theory and Application'),
('JUST2267', 'Principles of Evidence B'),
('JUST2269', 'Principles of Evidence B'),
('JUST2305', 'Assess and Manage Risk in Criminal Justice '),
('JUST2306', 'Assess and Manage Risk in Criminal Justice '),
('JUST2309', 'Community Based Corrections '),
('JUST2310', 'Community Based Corrections '),
('JUST2312', 'Justice ReseARCHProject '),
('JUST2313', 'Criminal Justice Systems '),
('JUST2314', 'Foundations of Law '),
('LANG1014', 'Greek 1'),
('LANG1015', 'Greek 2'),
('LANG1019', 'Greek 6'),
('LANG1021', 'Italian 1'),
('LANG1022', 'Italian 2'),
('LANG1030', 'Professional English'),
('LANG1033', 'Greek 4'),
('LANG1037', 'Italian 4 '),
('LANG1067', 'Chinese 1'),
('LANG1068', 'Chinese 1'),
('LANG1069', 'Chinese 2'),
('LANG1071', 'Chinese 4'),
('LANG1073', 'Chinese 6'),
('LANG1093', 'Japanese 1'),
('LANG1094', 'Japanese 2'),
('LANG1095', 'Japanese 4'),
('LANG1098', 'Japanese 6'),
('LANG1166', 'German 1'),
('LANG1167', 'French 1'),
('LANG1168', 'Spanish 1'),
('LANG1169', 'Japanese 1'),
('LANG1170', 'German 1'),
('LANG1171', 'Japanese 2'),
('LANG1172', 'Chinese 2'),
('LANG1174', 'Italian 1'),
('LANG1175', 'Italian 2'),
('LANG1176', 'French 1'),
('LANG1177', 'Spanish 1'),
('LANG1178', 'Spanish 2'),
('LANG1179', 'Spanish 2'),
('LANG1180', 'German 2'),
('LANG1181', 'German 2'),
('LANG1182', 'French 2'),
('LANG1183', 'French 2'),
('LANG1196', 'French 4'),
('LANG1197', 'French 4 '),
('LANG1198', 'German 4 '),
('LANG1199', 'German 4 '),
('LANG1200', 'Spanish 4'),
('LANG1201', 'Spanish 4'),
('LANG1206', 'English for Academic Purposes  '),
('LANG1209', 'Spanish 6'),
('LANG1210', 'Spanish 6'),
('LANG1216', 'Chinese 4'),
('LANG1218', 'Chinese 6'),
('LANG1219', 'Discourse Studies for Translators and Interpreters'),
('LANG1220', 'Theoretical Bases of Translating and Interpreting '),
('LANG1221', 'Ethics and Professional Issues'),
('LANG1222', 'Translation Accrediting Practice 1 '),
('LANG1223', 'Advanced Theory of Translating and Interpreting'),
('LANG1225', 'Translation Accrediting Practice 2'),
('LANG1227', 'Translation and Technology '),
('LANG1228', 'Pedagogy of Translating and Interpreting '),
('LANG1229', 'Advanced Discourse Studies'),
('LANG1231', 'Extended Professional Project'),
('LANG1234', 'Minor Thesis '),
('LANG1237', 'Interpreting Accrediting Practice 1 '),
('LANG1238', 'Interpreting Accrediting Practice 2'),
('LANG1247', 'Chinese 8'),
('LANG1248', 'Chinese 8'),
('LANG1251', 'French 6'),
('LANG1252', 'French 6'),
('LANG1255', 'Professional English '),
('LANG1256', 'Japanese 4'),
('LANG1258', 'Japanese 6'),
('LANG1266', 'Chinese for Professional Communication '),
('LANG1267', 'Chinese through Drama '),
('LANG1268', 'Translating Accrediting Practice'),
('LANG1269', 'Interpreting Accrediting Practice'),
('LANG1271', 'Chinese 2 (Intensive) '),
('LANG1273', 'French 8 '),
('LANG1275', 'Japanese 2 (Intensive) '),
('LANG1277', 'Japanese 8'),
('LANG1279', 'Spanish 8 '),
('LANG1290', 'Chinese through Drama '),
('LANG1291', 'Chinese for Professional Communication'),
('LANG1293', 'French 8 '),
('LANG1295', 'Spanish 8 '),
('LANG1297', 'Japanese 8'),
('LAW1019', 'Introduction to the Australian Legal System and Legal Methods '),
('LAW1020', 'LAWof Torts'),
('LAW1022', 'Intellectual Property Law'),
('LAW1023', 'Administrative Law'),
('LAW1024', 'Australian Property Law'),
('LAW1025', 'Equity and Trusts'),
('LAW1027', 'Federal and State Constitutional Law '),
('LAW1028', 'Australian Taxation Law'),
('LAW1029', 'International Law'),
('LAW1030', 'Civil Procedure'),
('LAW1031', 'Negotiation and Dispute Resolution '),
('LAW1033', 'Competition and Consumer Law'),
('LAW1034', 'International Business Law '),
('LAW1037', 'Legal Practice Management and Professional Conduct'),
('LAW1040', 'ReseARCHProject '),
('LAW1046', 'Jurisprudence'),
('LAW2394', 'Criminal Law'),
('LAW2434', 'Clinical Legal Education '),
('LAW2442', 'Commercial Law'),
('LAW2450', 'Company Law'),
('LAW2453', 'Taxation 1 '),
('LAW2457', 'LAWof Investments and Financial Markets'),
('LAW2466', 'Taxation 2 '),
('LAW2467', 'Legal Aspects of Company Finance'),
('LAW2471', 'Taxation LAWand Practice '),
('LAW2480', 'Business and Corporations Law'),
('LAW2482', 'PhD (Law) Thesis B '),
('LAW2484', 'PhD (Law) Thesis B '),
('LAW2508', 'PhD ReseARCH(48cp) '),
('LAW2509', 'PhD ReseARCH(36cp) '),
('LAW2510', 'PhD ReseARCH(24cp) '),
('LAW2511', 'PhD ReseARCH(12cp) '),
('LAW2524', 'Fundamentals of Contract Law'),
('LAW2531', 'Introduction to Family LAWPractice in Australia'),
('LIBR1013', 'Information Provision 2 '),
('LIBR1016', 'The Professional Experience '),
('LIBR1024', 'Recreational Literature for Young People '),
('LIBR1025', 'Recreational Literature for Young People '),
('LIBR1057', 'Advanced Information Retrieval'),
('LIBR1070', 'Professional Project '),
('LIBR1085', 'Information Provision 1 '),
('LIBR1096', 'Advanced Information Retrieval '),
('MANU1051', 'Risk Management and Feasibility '),
('MANU1054', 'Engineering Economic Strategy '),
('MANU1062', 'ReseARCHInvestigation and Analysis '),
('MANU1063', 'Engineering Management Project '),
('MANU1064', 'Engineering Management Thesis '),
('MANU1079', 'Yarn Technology '),
('MANU1081', 'Fabric Technology '),
('MANU1099', 'Textile Product Development and Engineering '),
('MANU1175', 'Design for Assembly and Automation'),
('MANU1365', 'Quality Interfaces '),
('MANU1373', 'Building Quality Organisations'),
('MANU1378', 'Planning and Control '),
('MANU1381', 'Industrial Systems and Environment '),
('MANU1385', 'Management of Technology '),
('MANU1390', 'Performance Management Foundations '),
('MANU1398', 'International Engineering Management '),
('MANU1417', 'Advanced Robotics'),
('MANU1420', 'Manufacturing Systems Modelling '),
('MANU1421', 'Management of Manufacturing Planning and Research'),
('MANU1425', 'Quality Systems '),
('MANU1437', 'Quality Management '),
('MANU1447', 'Textile Colouration and Modification '),
('MANU1453', 'Knitwear Production'),
('MANU1458', 'Major Project (B)'),
('MANU1459', 'Major Project (A)'),
('MANU1462', 'Dyeing and Finishing Technology '),
('MANU1474', 'Measurement and Improvement '),
('MANU2010', 'Production Management B'),
('MANU2031', 'Weaving Production'),
('MANU2069', 'Design for Manufacture'),
('MANU2078', 'Computer Integrated Manufacturing'),
('MANU2092', 'Computer Aided Design and Computer Aided Manufacture (CAD/CAM) in Fashion and Textiles'),
('MANU2094', 'Advanced Pattern Technology'),
('MANU2095', 'Manufacturing Systems '),
('MANU2099', 'Production Management A '),
('MANU2100', 'Non-Woven Production '),
('MANU2102', 'Industrial Textiles'),
('MANU2117', 'Integrated Logistics Support Management '),
('MANU2120', 'Logistics Engineering and Systems '),
('MANU2122', 'Risk and Technology Decisions '),
('MANU2123', 'Project Management '),
('MANU2127', 'Introduction to Systems Engineering '),
('MANU2130', 'Systems Engineering Methodology '),
('MANU2137', 'ReseARCHProject'),
('MANU2154', 'Advanced Textile Materials and New Technologies '),
('MANU2156', 'Spinning Methods and Yarn Engineering '),
('MANU2158', 'Sportswear and Performance Textiles'),
('MANU2173', 'Supply Chain Management '),
('MANU2174', 'Logistics Engineering '),
('MANU2175', 'Maintenance and Logistics Services '),
('MANU2176', 'Engineering Endurance Systems '),
('MANU2177', 'Services and Support Operations '),
('MANU2178', 'Support Solution Architecture '),
('MANU2180', 'System Support Project 2 '),
('MANU2184', 'Sportswear and Performance Textiles '),
('MANU2205', 'Introduction to Mechatronics'),
('MANU2206', 'Autonomous Systems'),
('MANU2211', 'Advanced Manufacturing Technologies '),
('MANU2217', 'Manufacturing ReseARCHFundamentals '),
('MANU2218', 'Manufacturing Capstone Project '),
('MANU2226', 'Textile Fibre Structures and Surface Treatments'),
('MANU2227', 'Fashion Products and Textile Fabrication'),
('MANU2230', 'Automated System Design '),
('MANU2233', 'Special ReseARCHProject in Advanced Manufacturing and Mechatronics '),
('MATH1019A', 'Masters Degree Thesis A '),
('MATH1019B', 'Masters Degree Thesis B '),
('MATH1074', 'Mathematics for Computing'),
('MATH1129', 'Mathematics for Physicists'),
('MATH1144', 'Calculus 2'),
('MATH1150', 'Discrete Mathematics'),
('MATH1169A', 'Masters Degree Thesis (Part Time) A '),
('MATH1169B', 'Masters Degree Thesis (Part Time) B '),
('MATH1184A', 'PhD Thesis A '),
('MATH1184B', 'PhD Thesis B '),
('MATH1186B', 'PhD Thesis B '),
('MATH1203A', 'PhD Thesis A '),
('MATH1203B', 'PhD Thesis B '),
('MATH1205A', 'PhD Thesis (Part Time) A '),
('MATH1205B', 'PhD Thesis (Part Time) B '),
('MATH1209A', 'Masters Degree Thesis A '),
('MATH1209B', 'Masters Degree Thesis B '),
('MATH1233', 'Advanced Statistical Analysis '),
('MATH1277', 'Statistics'),
('MATH1278', 'Statistics'),
('MATH1281', 'Statistical Analysis 2'),
('MATH1282', 'Statistical Analysis 2'),
('MATH1288', 'Linear Programming and Applications'),
('MATH1293', 'Mathematical Modelling and Decision Analysis'),
('MATH1298', 'Analysis of Categorical Data'),
('MATH1300', 'Biostatistics '),
('MATH1302', 'Design and Analysis of Experiments '),
('MATH1307', 'Forecasting'),
('MATH1315', 'Statistical Inference'),
('MATH1322', 'Introduction to Statistical Computing '),
('MATH1324', 'Introduction to Statistics '),
('MATH1332', 'Minor Thesis '),
('MATH1339A', 'Masters Degree Thesis (A) '),
('MATH1339B', 'Masters Degree Thesis (B) '),
('MATH2041', 'Mathematics for Advanced Computing'),
('MATH2045', 'Discrete Mathematics'),
('MATH2114', 'Numerical Methods/Statistics for Engineers'),
('MATH2117', 'Engineering Mathematics C'),
('MATH2118', 'Further Engineering Mathematics C'),
('MATH2123', 'Mathematics and Statistics'),
('MATH2124', 'MATH& Stats for Aero'),
('MATH2127', 'System Dynamic Modelling'),
('MATH2129', 'Mathematics and Statics'),
('MATH2136', 'Computational Mathematics'),
('MATH2138', 'Differential Equations'),
('MATH2142', 'Multivariate Analysis'),
('MATH2144', 'Numerical Solutions of DEs'),
('MATH2151', 'Resource Modelling'),
('MATH2156', 'Textile Mathematics '),
('MATH2167', 'Mathematics 1 '),
('MATH2168', 'Mathematics 2 '),
('MATH2169', 'Mathematics 3 '),
('MATH2170', 'Statistics and Epidemiology'),
('MATH2171', 'Mathematics for Computing '),
('MATH2178', 'Honours Statistics Project 1 '),
('MATH2179', 'Honours Statistics Project 2 '),
('MATH2180', 'Advanced Topics in Applied Mathematics '),
('MATH2181', 'Advanced Topics in Computational Mathematics '),
('MATH2182', 'Advanced Topics in Discrete Mathematics '),
('MATH2183', 'Honours Mathematics Project 1 '),
('MATH2184', 'Honours Mathematics Project 2 '),
('MATH2192', 'Industrial ReseARCHMethods'),
('MATH2195', 'Mathematics and Statistics in Industry 1'),
('MATH2198', 'Optimisation and Control'),
('MATH2201', 'Statistics 2'),
('MATH2202', 'Data Preparation for Analytics'),
('MATH2203', 'Linear Models and Design of Experiments'),
('MATH2204', 'Forecasting'),
('MATH2206', 'Sports Statistics'),
('MATH2207', 'Advanced Topics in Statistics '),
('MATH2208', 'Advanced Topics in Operations Research '),
('MATH2214', 'Advanced Statistical Analysis'),
('MATH2220', 'System Dynamics'),
('MATH2248', 'Masters ReseARCH(48cp) '),
('MATH2249', 'Masters ReseARCH(36cp) '),
('MATH2250', 'Masters ReseARCH(24cp) '),
('MATH2251', 'Masters ReseARCH(12cp) '),
('MATH2252', 'PhD ReseARCH(48cp) '),
('MATH2253', 'PhD ReseARCH(36cp) '),
('MATH2254', 'PhD ReseARCH(24cp) '),
('MATH2255', 'PhD ReseARCH(12cp) '),
('MATH2256', 'Quantitative ReseARCHTechniques '),
('MEDS1083', 'Haematology and Transfusion Science 1 '),
('MEDS1084', 'Haematology and Transfusion Science 1 '),
('MEDS1100', 'Systemic Pathology'),
('MEDS1102', 'Systemic Pathology'),
('MEDS1138', 'Molecular Basis of Disease '),
('MEDS1140', 'Immunology and Cell Biology '),
('MEDS2075', 'Clinical Medicine 4'),
('MEDS2103', 'Integrated Assessment and Diagnosis'),
('MEDS2106', 'Histopathology and Cytopathology 1 '),
('MEDS2111', 'Histopathology and Cytopathology 1 '),
('MEDS2112', 'Advanced Haematology '),
('MEDS2113', 'Advanced Histopathology '),
('MEDS2119', 'Advanced Pathology'),
('MEDS2121', 'Diagnosis and Management 2'),
('MEDS2123', 'Diagnostic Imaging 1'),
('MEDS2126', 'Integrated Clinical Sciences 2'),
('MEDS2127', 'Integrated Clinical Sciences 3  '),
('MEDS2128', 'Diagnosis in Western Medicine '),
('MEDS2132', 'Imaging Anatomy and Pathology'),
('MEDS2135', 'Advanced Cytopathology '),
('MEDS2137', 'Professional Practice in Laboratory Medicine '),
('MEDS2138', 'ReseARCHProject '),
('MEDS2140', 'Laboratory Medicine Project '),
('MEDS2141', 'Masters Project 2 '),
('MEDS2142', 'Laboratory Medicine Project '),
('MEDS2147', 'Medical Examination 2'),
('MEDS2149', 'Introduction to the Principles and Practice of Radiotherapy Treatment Planning '),
('MEDS2150', 'Radiobiology for Medical Physicists '),
('MIET1068', 'Mechanical Design 2'),
('MIET1071', 'Solid Mechanics 3 '),
('MIET1077', 'Mechanics of Machines 2'),
('MIET1084', 'Finite Element Analysis'),
('MIET1106', 'Industrial Placement Program '),
('MIET1199', 'Management of Mechanical Design and Research'),
('MIET1200', 'Advanced Materials'),
('MIET2002', 'Advanced Engineering Computer Aided Design'),
('MIET2006', 'Advanced Engineering Control'),
('MIET2012', 'Computational Engineering 2 '),
('MIET2032', 'Renewable Energy Systems'),
('MIET2062', 'Renewable Energy Systems '),
('MIET2065', 'International Industry Experience 1 '),
('MIET2066', 'International Industry Experience 2 '),
('MIET2083', 'International Industry Experience 1 '),
('MIET2084', 'International Industry Experience 2 '),
('MIET2093', 'Computer Aided Design'),
('MIET2097', 'Engineering Mechanics'),
('MIET2115', 'Mechanics and Materials 2 '),
('MIET2116', 'Engineering and Enterprise'),
('MIET2125', 'Energy Efficiency and Demand Management'),
('MIET2126', 'The Economic'),
('MIET2128', 'Sustainable Energy Design Project '),
('MIET2129', 'Sustainable Energy Systems and Design'),
('MIET2130', 'Photovoltaic Systems'),
('MIET2131', 'Sustainable Hydrogen Systems'),
('MIET2132', 'Sustainable Energy Design Project I '),
('MIET2133', 'Sustainable Energy Design Project II '),
('MIET2135', 'Thermo-Fluid Mechanics 2 '),
('MIET2136', 'Mechanical Design 1'),
('MIET2362', 'Mechatronic Design'),
('MIET2371', 'Sustainable Energy Fundamentals'),
('MIET2372', 'Biomass and Solar Fuels'),
('MIET2380', 'Engineering Design for Sustainability '),
('MIET2382', 'Management of Sustainable Engineering and Research'),
('MIET2383', 'Sustainable Systems Design '),
('MIET2384', 'System Characterisation and Simulation'),
('MIET2389', 'Special Topics in Engineering'),
('MIET2393', 'Professional Project (Industry) '),
('MIET2394', 'Computational Fluid Dynamics '),
('MIET2398', 'Sports Measurements and Instrumentation'),
('MIET2399', 'Design and Mechanics of Sports Equipment'),
('MIET2400', 'Design and Technology of Sports Shoes and Apparel'),
('MIET2401', 'Sports Aerodynamics and Hydrodynamics'),
('MIET2406', 'Sustainable Thermal Systems'),
('MIET2419', 'Mechanics and Materials 1 '),
('MIET2420', 'Mechanical Design 1 '),
('MIET2421', 'Applied Thermodynamics '),
('MIET2422', 'Fluid Mechanics of Mechanical Systems'),
('MIET2423', 'PhD ReseARCH(48cp) '),
('MIET2424', 'PhD ReseARCH(36cp) '),
('MIET2425', 'PhD ReseARCH(24cp) '),
('MIET2426', 'PhD ReseARCH(12cp) '),
('MIET2427', 'Masters ReseARCH(48cp) '),
('MIET2428', 'Masters ReseARCH(36cp) '),
('MIET2429', 'Masters ReseARCH(24cp) '),
('MIET2450', 'Masters ReseARCH(12cp) '),
('MKTG1011B', 'Masters Degree Thesis B '),
('MKTG1025', 'Marketing Principles '),
('MKTG1041', 'Marketing Communication '),
('MKTG1045', 'Market Research'),
('MKTG1048', 'Sales Strategy and Communication Skills '),
('MKTG1050', 'Buyer Behaviour '),
('MKTG1053', 'Service Quality '),
('MKTG1061', 'Global Marketing '),
('MKTG1065', 'B2B Marketing '),
('MKTG1069', 'Advanced Marketing Concepts and Applications '),
('MKTG1071', 'Strategic Marketing '),
('MKTG1086', 'Business Ethics'),
('MKTG1089', 'Sport Marketing '),
('MKTG1092', 'Product Innovation and Management '),
('MKTG1100', 'Marketing Management'),
('MKTG1101', 'Consumer Behaviour'),
('MKTG1103', 'Marketing Communication Strategy '),
('MKTG1104', 'Marketing Research '),
('MKTG1105', 'Interactive Marketing'),
('MKTG1126', 'Brand Management'),
('MKTG1130B', 'Masters Degree Thesis B '),
('MKTG1140', 'Investment Evaluation Techniques for Real Estate'),
('MKTG1170', 'Fashion and Textiles Marketing '),
('MKTG1183', 'Masters Seminar '),
('MKTG1185', 'Advertising Campaigns'),
('MKTG1186', 'Advertising Strategy Planning'),
('MKTG1187', 'Advertising Media Strategy '),
('MKTG1188', 'Managing Advertising: Agency and Client Approaches'),
('MKTG1189', 'Creativity in Advertising '),
('MKTG1190', 'Advertising Theory and Practice'),
('MKTG1208', 'Introduction to Advertising'),
('MKTG1209', 'Business to Business Marketing'),
('MKTG1215', 'Strategic Marketing'),
('MKTG1242', 'Marketing Work Integrated Learning 1 '),
('MKTG1243', 'Marketing Work Integrated Learning 2 '),
('MKTG1244', 'Marketing Work Experience in Industry 1 '),
('MKTG1245', 'Marketing Work Experience in Industry 2 '),
('MKTG1249', 'Fashion Retail Management'),
('MKTG1250', 'Fashion and Textiles Merchandising Management '),
('MKTG1263', 'Practice Based Marketing ReseARCHProject 1 '),
('MKTG1264', 'Practice Based Marketing ReseARCHProject 2 '),
('MKTG1276', 'Marketing'),
('MKTG1290', 'Fashion and Textiles Merchandising Management'),
('MKTG1310', 'Fashion and Textile Product Management'),
('MKTG1311', 'Product Innovation '),
('MKTG1312', 'Practice-Based Marketing ReseARCHProject '),
('MKTG1314', 'Fashion Styling and Visual Merchandising'),
('MKTG1317', 'Professional Property Practice '),
('MKTG1318', 'Introduction to Property Development'),
('MKTG1319', 'Investments: Concepts and Applications to Property'),
('MKTG1320', 'Valuation Process and Methods'),
('MKTG1341', 'The Strategic Value of Design '),
('NURS1019OT', 'Clinical Issues for Children in the Community'),
('NURS1043', 'Contemporary Issues in Nursing and Health Care '),
('NURS1049', 'Professional Development In Health Practice '),
('NURS1087', 'Assessment Analysis In Mental Health Service Deliv'),
('NURS1101', 'LAWEthics and Communication'),
('NURS1127', 'Altered States of Health'),
('NURS1140', 'Public Health for Nurses '),
('NURS1150', 'Professional Experience Practice 2 '),
('NURS1151', 'Professional Experience Practice 3 '),
('NURS1152', 'Clinical Practicum 4 '),
('NURS1153', 'Clinical Practicum 5 '),
('NURS1167', 'Midwifery 3 '),
('NURS1168', 'Midwifery 4 '),
('NURS1169', 'Trends and Issues in Midwifery '),
('NURS1175', 'Breastfeeding and Human Lactation  '),
('NURS2092', 'Professional Experience Practice 1'),
('NURS2096', 'Acute Care Nursing 2'),
('NURS2098', 'Mental Health 3: Complex Mental Health Presentations'),
('NURS2112', 'Health and Physical Assessment '),
('NURS2149', 'A Nursing Approach to Lifespan Development'),
('NURS2164', 'Introduction to Advanced Speciality Nursing '),
('NURS2168', 'Interpersonal Health Care Communication and Practice'),
('NURS2172', 'Dual Diagnosis Co-morbidity and Society'),
('NURS2173', 'Masters ReseARCH(48cp) '),
('NURS2174', 'Masters ReseARCH(36cp) '),
('NURS2175', 'Masters ReseARCH(24cp) '),
('NURS2176', 'Masters ReseARCH(12cp) '),
('NURS2177', 'PhD ReseARCH(48cp) '),
('NURS2178', 'PhD ReseARCH(36cp) '),
('NURS2179', 'PhD ReseARCH(24cp) '),
('NURS2180', 'PhD ReseARCH(12cp) '),
('OART 1013', 'Interactive Media 1'),
('OART 1014', 'Interactive Media 2 '),
('OART 1015', 'Visual Effects '),
('OENG1005B', 'Masters Degree Thesis B '),
('OENG1021B', 'Masters Degree Thesis B '),
('OENG1035', 'Urban Systems 1'),
('OENG1038', 'Environmental Analysis'),
('OENG1039', 'Land Contamination and Geohazards'),
('OENG1042', 'Integrated Workplace Project 2'),
('OENG1047', 'ReseARCHMethods '),
('OENG1059', 'Professional Project Part 2'),
('OENG1073', 'Physiological Flows '),
('OENG1074', 'Professional ReseARCHProject 1'),
('OENG1075', 'Professional ReseARCHProject 2'),
('OENG1076', 'Professional ReseARCHProject (Industry)'),
('OENG1077', 'Masters ReseARCH(24cp) '),
('OENG1078', 'Masters ReseARCH(48cp) '),
('OENG1079', 'Masters ReseARCH(36cp) '),
('OENG1080', 'Masters ReseARCH(12cp) '),
('OENG1081', 'PhD ReseARCH(48cp) '),
('OENG1082', 'PhD ReseARCH(36cp) '),
('OENG1083', 'PhD ReseARCH(24cp) '),
('OENG1084', 'PhD ReseARCH(12cp) '),
('OENG1085', 'ReseARCHMethods for Engineering & Related Disciplines '),
('OENG1087', 'Master''s ReseARCHMethods '),
('OENG1088', 'Master''s ReseARCHProject'),
('OENG1089', 'Master''s ReseARCHProject Part 1'),
('OENG1090', 'Master''s ReseARCHProject Part 2'),
('OENG1094', 'Sustainability ReseARCHProject '),
('OHTH1156', 'Applied Nutrition'),
('OHTH2083', 'Physical Activity'),
('OHTH2094', 'Nutrition Medicine in Disease Management 4 '),
('OHTH2095', 'Nutrition Medicine in Disease Management 5 '),
('OHTH2103', 'Applied Exercise Science 1'),
('OHTH2105', 'Psychosocial Aspects of Health and Physical Activity'),
('OHTH2107', 'Motor Skill Learning and Performance '),
('OHTH2108', 'Applied Movement Analysis (Practical) '),
('OHTH2111', 'Injury Prevention and Rehabilitation '),
('OHTH2116', 'Advanced Performance Analysis and Prescription'),
('OHTH2117', 'Exercise Rehabilitation for Chronic and Complex Conditions '),
('OHTH2118', 'Sports Coaching '),
('OHTH2119', 'Exercise and Sports Nutrition'),
('OHTH2122', 'Methods of Teaching Health & Physical Education 1B'),
('OHTH2124', 'Methods of Teaching Health & Physical Education 2B '),
('OHTH2126', 'Methods of Teaching Health & Physical Education 3B '),
('OHTH2128', 'Theory and Practice in Health and Physical Education 4B '),
('OHTH2130', 'Exercise and Sports Nutrition '),
('OHTH2131', 'Individual Project '),
('OHTH2132', 'Introduction to Food as Medicine '),
('OHTH2133', 'Introduction to Herbs and Natural Supplements '),
('OHTH2138', 'Food as Medicine '),
('OHTH2139', 'Herbs and Natural Supplements '),
('OHTH2140', 'Wellness Assessment and Health Analysis '),
('OHTH2142', 'Wellness and Lifestyle '),
('OHTH2147', 'Health and Nutrition '),
('OHTH2148', 'Applied Nutrition (AD) '),
('OHTH2150', 'Biomechanics 2'),
('OHTH2155', 'Professional Practice and Development 2 '),
('OHTH2160', 'ReseARCHin Health Science '),
('OHTH2165', 'LAWand Ethics in Health '),
('OMGT1012', 'Transport and Freight Logistics '),
('OMGT1021', 'Supply Chain Principles '),
('OMGT1039', 'Operations Management'),
('OMGT1044', 'Retail and Service Logistics'),
('OMGT1053', 'Supply Chain Management Strategy '),
('OMGT1058', 'Transport Economics'),
('OMGT1062', 'Transportation and Freight Logistics'),
('OMGT1070', 'Procurement Management and Global Sourcing'),
('OMGT1074', 'Warehouse and Distribution Channels'),
('OMGT1082', 'Introduction to Logistics and Supply Chain Management '),
('OMGT1104B', 'PhD Thesis B '),
('OMGT1108B', 'PhD Thesis B '),
('OMGT1129', 'Statutory Valuation '),
('OMGT1145', 'Rural Valuations '),
('OMGT1156', 'Property Asset Management'),
('OMGT1177', 'Valuation Practice '),
('OMGT1179', 'Development Decisions'),
('OMGT1191', 'Industry Studies'),
('OMGT1236', 'E-Business Supply Chains'),
('OMGT2069', 'Valuations for Statutory Purposes'),
('OMGT2070', 'Valuation of Rural Property '),
('OMGT2087', 'Logistics Systems'),
('OMGT2088', 'International Logistics '),
('OMGT2119', 'Property Work Integrated Learning '),
('OMGT2121', 'Property Work Experience in Industry 2 '),
('OMGT2123', 'International Work Integrated Learning 1 '),
('OMGT2124', 'International Work Integrated Learning 2 '),
('OMGT2125', 'International Work Experience in Industry 1 '),
('OMGT2126', 'International Work Experience in Industry 2 '),
('OMGT2130', 'Logistics and Supply Chain Work Integrated Learning 1 '),
('OMGT2131', 'Logistics and Supply Chain Work Integrated Learning 2 '),
('OMGT2132', 'Logistics and Supply Chain Work Experience Industry 1 '),
('OMGT2133', 'Logistics and Supply Chain Work Experience Industry 2 '),
('OMGT2142', 'Minor ReseARCHProject '),
('OMGT2143', 'Major ReseARCHProject '),
('OMGT2145', 'Professional Logistics Practice'),
('OMGT2146', 'Supply Chain Analysis and Design'),
('OMGT2155', 'Business IT and Supply Chain '),
('OMGT2186', 'Quantitative Data Analysis and Decision Making'),
('OMGT2190', 'Supply Chain Sustainability '),
('OMGT2191', 'Strategic Supply Chain Management '),
('OMGT2236', 'Strategic Procurement Management  '),
('OMGT2238', 'Applied Valuation'),
('OMGT2240', 'Property Planning and Public Policy'),
('OMGT2242', 'Property LAWAdvanced'),
('OMGT2251', 'Applied Property Development'),
('OMGT2252', 'Securitised Property'),
('OMGT2257', 'PhD ReseARCH(48cp) '),
('OMGT2258', 'PhD ReseARCH(36cp) '),
('OMGT2259', 'PhD ReseARCH(24cp) '),
('OMGT2260', 'PhD ReseARCH(12cp) '),
('OMGT2261', 'Masters ReseARCH(48cp) '),
('OMGT2262', 'Masters ReseARCH(36cp) '),
('OMGT2263', 'Masters ReseARCH(24cp) '),
('OMGT2264', 'Masters ReseARCH(12cp) '),
('ONPS1048', 'Medical Microbiology 2'),
('ONPS1050', 'Immunology'),
('ONPS1106', 'Grain Technology'),
('ONPS1114', 'Confectionery and Lipid Technology'),
('ONPS1118', 'Nutrition Principles'),
('ONPS1665', 'Independent Study '),
('ONPS2054', 'Quality Assurance for Industry'),
('ONPS2093', 'Medical Genetics and Diagnostics'),
('ONPS2094', 'Medical Genetics and Diagnostics'),
('ONPS2113', 'Food Microbiology'),
('ONPS2120', 'Medical Microbiology 2'),
('ONPS2125', 'Nutrition Principles'),
('ONPS2130', 'Grain Technology'),
('ONPS2131', 'Confectionery and Lipid Technology'),
('ONPS2136', 'Food Preservation '),
('ONPS2140', 'Proteins in Food Science '),
('ONPS2149', 'Introduction to Nanotechnology'),
('ONPS2153', 'Medical Informatics and Laboratory Management '),
('ONPS2164', 'Medicines'),
('ONPS2174', 'Principles of Professional Practice 2 '),
('ONPS2186', 'Science Project  '),
('ONPS2188', 'Chemistry of Drugs and Toxins'),
('ONPS2189', 'Sensory Evaluation of Food '),
('ONPS2193', 'Botany'),
('ONPS2294', 'Clinical Microbiology'),
('ONPS2295', 'Medical Biochemistry '),
('ONPS2299', 'Medical Microbiology and Immunology'),
('ONPS2303', 'Pharmacology and Toxicology for the Biosciences'),
('ONPS2306', 'Drug Regulations'),
('ONPS2307', 'Preclinical Drug Testing '),
('ONPS2313', 'Science Honours 1 '),
('ONPS2314', 'Science Honours 2'),
('ONPS2317', 'Project Planning'),
('ONPS2321', 'Applied Science 2 Physics and Chemistry '),
('ONPS2328', 'Advanced Food Processing Technologies '),
('ONPS2331', 'Sensory Evaluation of Food '),
('ONPS2334', 'Scientific Skills and Communication'),
('ONPS2339', 'Medical Microbiology and Immunology'),
('ONPS2340', 'Clinical Biochemistry 1 '),
('ONPS2342', 'Advanced Clinical Biochemistry '),
('ONPS2344', 'Medical Radiations Technology 2 '),
('ONPS2346', 'Nuclear Medicine Technology 2'),
('ONPS2348', 'Medical Imaging Technology 2'),
('ONPS2350', 'Radiation Therapy Technology 2'),
('ONPS2361', 'Advanced Transfusion and Transplantation Science '),
('ONPS2374', 'Food Microbiology'),
('ONPS2377', 'Food Safety Plans '),
('ONPS2378', 'Food Quality Assurance '),
('ONPS2387', 'Principles of Toxicology'),
('ONPS2388', 'Immunology'),
('ONPS2389', 'Drugs in Sport  '),
('ONPS2407', 'Science Honours 1 '),
('ONPS2408', 'Science Honours 2 '),
('ONPS2411', 'Project Planning '),
('ONPS2412', 'Physical Science ReseARCHMethods '),
('ONPS2421', 'Thesis II '),
('ONPS2422', 'Thesis III '),
('ONPS2423', 'Introduction to Medical Biochemistry'),
('ONPS2425', 'Point of Care Patient Testing '),
('ONPS2426', 'Point of Care Patient Testing '),
('ONPS2429', 'Introduction to Genetics and Microbiology '),
('ONPS2430', 'Introduction to Medical Science '),
('ONPS2432', 'Professional Practice in Applied Science '),
('ONPS2433', 'Introduction to Food Science and Technology (AD) '),
('ONPS2435', 'Rheology and Food Biophysics ');
INSERT INTO `courses` (`courseID`, `courseName`) VALUES
('ONPS2436', 'Magnetic Resonance Imaging'),
('ONPS2442', 'Drug Delivery 4'),
('ONPS2443', 'Principles of Pharmacology 2 '),
('ONPS2445', 'Chemotherapeutics'),
('ONPS2447', 'Neurological and Affective Disorder Therapeutics'),
('ONPS2448', 'Rheology and Food Biophysics '),
('ONPS2449', 'Advanced Medical Informatics and Laboratory Management '),
('ONPS2450', 'Science Honours Project 1 '),
('ONPS2451', 'Science Honours Project 1 '),
('ONPS2452', 'Science Honours Project 2 '),
('ONPS2453', 'Science Honours Project 2 '),
('ONPS2454', 'Science Honours Project 3 '),
('ONPS2455', 'Science Honours Project 3 '),
('ONPS2456', 'Science Honours Project 4 '),
('ONPS2457', 'Science Honours Project 4 '),
('ONPS2461', 'Professional Practice in Laboratory Medicine 1 '),
('ONPS2464', 'Professional Practice in Pharmaceutical Sciences 2 '),
('ONPS2471', 'Professional Practice in Laboratory Medicine 1 '),
('ONPS2474', 'Professional Practice in Pharmaceutical Sciences 2 '),
('ONPS2475', 'Integrative Pharmacology Neurological and Affective Disorders'),
('ONPS2477', 'Integrative Pharmacology Chemotherapeutics '),
('ONPS2479', 'Integrative Pharmacology Inflammation and Respiratory'),
('ONPS2481', 'Masters ReseARCH(48cp) '),
('ONPS2482', 'Masters ReseARCH(36cp) '),
('ONPS2483', 'Masters ReseARCH(24cp) '),
('ONPS2484', 'Masters ReseARCH(12cp) '),
('ONPS2485', 'PhD ReseARCH(48cp) '),
('ONPS2486', 'PhD ReseARCH(36cp) '),
('ONPS2487', 'PhD ReseARCH(24cp) '),
('ONPS2488', 'PhD ReseARCH(12cp) '),
('ONPS2489', 'ReseARCHMethods for Sciences '),
('ONPS2491', 'Pharmacy ReseARCHProject'),
('ONPS2494', 'Pharmacology of Therapeutic Agents 2 '),
('ONPS2495', 'Science Fiction Science Fact'),
('OTED1029', 'Approaches to ReseARCHin Education '),
('OTED1075', 'Independent Study'),
('OTED2104', 'Gallery and Museum Management  '),
('PERF1010', 'Performance Master Class 1 '),
('PERF1012', 'Performance Master Class 2 '),
('PERF1014', 'Performance Master Class 3 '),
('PERF1025', 'Arts Management  '),
('PERF1034', 'The LAWand Arts Management  '),
('PERF1050', 'Pathways into the Music Industry Business'),
('PERF2052', 'Spatial Sound Composition and Diffusion  '),
('PERF2053', 'Spatial Sound Composition and Diffusion  '),
('PERF2058', 'The Global Musician: ''world music'' performance'),
('PERF2059', 'Internship Seminar'),
('PERF2060', 'Music Industry Internship '),
('PHAR1004', 'Inflammation and Respiratory Therapeutics '),
('PHAR1005', 'Pharmacy Practice 2 '),
('PHAR1007', 'Pharmacy Practice 4 '),
('PHAR1011', 'Integrated Therapeutics and Pharmacy Practice 2 '),
('PHIL 1003', 'Understanding Philosophy: Themes from Popular Culture'),
('PHIL1000', 'ReseARCHMethods and Philosophy of Knowledge (12cp) '),
('PHIL1008', 'ReseARCHMethods and Philosophy of Knowledge (12cp) '),
('PHYS1080', 'Introduction to Physical Modelling '),
('PHYS2066', 'Energy and Earth''s Environment '),
('PHYS2068', 'Solid State Physics'),
('PHYS2070', 'Instrumentation for Scientists and Engineers '),
('PHYS2074', 'Photonics and Nuclear Physics'),
('PHYS2082', 'Physics 1'),
('PHYS2086', 'Astronomy and Black Holes '),
('PHYS2088', 'Geospatial Physics and Mathematics'),
('PHYS2089', 'Medical Imaging Physics '),
('PHYS2104', 'Photography for Motion Analysis'),
('PHYS2106', 'Biomedical and Forensic Photography'),
('PHYS2121', 'Biomedical and Forensic Photography'),
('PHYS2122', 'Mechanics '),
('PHYS2127', 'Thermodynamics and Electromagnetism '),
('PHYS2128', 'Electromagnetics and Quantum Physics'),
('PHYS2129', 'Energy and Earth''s Environment'),
('PHYS2135', 'Medical Imaging Physics '),
('PHYS2140', 'Electromagnetics and Quantum Physics'),
('PHYS2141', 'Photonics and Nuclear Physics'),
('PHYS2142', 'Masters ReseARCH(48cp) '),
('PHYS2143', 'Masters ReseARCH(36cp) '),
('PHYS2144', 'Masters ReseARCH(24cp) '),
('PHYS2145', 'Masters ReseARCH(12cp) '),
('PHYS2146', 'PhD ReseARCH(48cp) '),
('PHYS2147', 'PhD ReseARCH(36cp) '),
('PHYS2148', 'PhD ReseARCH(24cp) '),
('PHYS2149', 'PhD ReseARCH(12cp) '),
('PHYS2150', 'Masters ReseARCH(48cp) '),
('PHYS2151', 'Masters ReseARCH(36cp) '),
('PHYS2152', 'Masters ReseARCH(24cp) '),
('PHYS2153', 'Masters ReseARCH(12cp) '),
('PHYS2154', 'Biomedical and Forensic Photography '),
('POLI1050', 'Policy Economics '),
('POLI1065', 'Ethics'),
('POLI1068', 'International Human Rights and Law'),
('POLI1080', 'International Human Rights and Law '),
('POLI1096', 'Policy Futures'),
('POLI1100', 'Integrated Policy and ReseARCHProject'),
('POLI1101', 'Indigenous Policy '),
('POLI1102', 'Indigenous Policy '),
('PROC1025', 'Design Project '),
('PROC1037B', 'Masters Degree Thesis B '),
('PROC1061', 'Textile Materials  '),
('PROC1110B', 'Masters Degree Thesis B '),
('PROC1115B', 'PhD Thesis B '),
('PROC1138B', 'PhD Thesis B '),
('PROC2048', 'Biochemical Engineering '),
('PROC2076', 'Chemical Engineering Design '),
('PROC2077', 'Chemical Engineering Fundamentals '),
('PROC2081', 'Data Collection and Analysis '),
('PROC2082', 'Heat and Mass Transfer'),
('PROC2083', 'Reaction Engineering'),
('PROC2088', 'Process Systems Design'),
('PROC2089', 'Process Plant Design and Economics'),
('PROC2090', 'Process Control and Simulation '),
('PROC2094', 'Advanced Chemical Engineering  Specialisation 2 '),
('PROC2095', 'Advanced Chemical Engineering Specialisation 3 '),
('PROC2100', 'Masters ReseARCH(36cp) '),
('PROC2101', 'Masters ReseARCH(24cp) '),
('PROC2102', 'Masters ReseARCH(12cp) '),
('PROC2103', 'PhD ReseARCH(48cp) '),
('PROC2104', 'PhD ReseARCH(36cp) '),
('PROC2105', 'PhD ReseARCH(24cp) '),
('PROC2106', 'PhD ReseARCH(12cp) '),
('PROC2107', 'Masters ReseARCH(48cp) '),
('PUBH1073', 'Project '),
('PUBH1080', 'ReseARCHin Nursing and Midwifery'),
('PUBH1081', 'ReseARCHin Nursing and Midwifery '),
('PUBH1334', 'International Health'),
('PUBH1342', 'Clinical ReseARCHProject '),
('PUBH1358', 'Occupational Hazards and Control 1 '),
('PUBH1360', 'Work Health and Safety and the Organisation '),
('PUBH1364', 'Minor Thesis B '),
('PUBH1369', 'Laboratory and Fieldwork Safety '),
('PUBH1375', 'Introduction to Wellness Coaching '),
('PUBH1376', 'Wellness Coaching '),
('PUBH1377', 'Wellness Project A '),
('PUBH1378', 'Wellness Project B '),
('PUBH1380', 'Introduction to Corporate and Workplace Wellness '),
('PUBH1381', 'Corporate and Workplace Wellness '),
('PUBH1382', 'Australian Health Care System and Introduction to Mental Health '),
('PUBH1386', 'Work Health and Safety Intervention Project '),
('PUBH1392', 'Exercise in Health and Disease '),
('PUBH1393', 'Health Promotion Principles and Planning '),
('PUBH1394', 'Introduction to Public Health '),
('PUBH1395', 'Multidisciplinary Health Care in Australia '),
('PUBH1396', 'New Directions in the Australian Health System '),
('PUBH1398', 'Health: Meanings'),
('PUBH1402', 'Indigenous Health'),
('RADI1073', 'Advanced Ultrasound Practice '),
('RADI1074', 'Abdominal Ultrasound '),
('RADI1075', 'Medico-legal Studies and Ethics '),
('RADI1076', 'ReseARCHProject Planning '),
('RADI1077', 'Vascular Ultrasound '),
('RADI1078', 'Ultrasound Imaging  Instrumentation '),
('RADI1079', 'Ultrasound of Obstetrics and Gynaecology '),
('RADI1080', 'Ultrasound of Superficial Structure '),
('RADI1081', 'Ultrasound Technology and Bioeffects '),
('RADI1082', 'ReseARCHProject '),
('RADI1127', 'Nuclear Medicine Methods 2'),
('RADI1128', 'Nuclear Medicine Practice 1 '),
('RADI1129', 'Nuclear Medicine Practice 2'),
('RADI1131', 'Medical Imaging Methods 2'),
('RADI1132', 'Medical Imaging Practice 1 '),
('RADI1133', 'Medical Imaging Practice 2'),
('RADI1135', 'Radiation Therapy Methods 2'),
('RADI1136', 'Radiation Therapy Practice 1 '),
('RADI1137', 'Radiation Therapy Practice 2'),
('RADI1154', 'ReseARCHin Medical Radiations '),
('RADI1177', 'Medical Imaging 4'),
('RADI1179', 'Medical Radiations Interdisciplinary Applications'),
('RADI1180', 'Radiation Therapy 4'),
('RADI1182', 'Nuclear Medicine 4'),
('RADI1184', 'Introduction to Medical Imaging '),
('RADI1185', 'Introduction to Nuclear Medicine '),
('RADI1186', 'Introduction to Radiation Therapy '),
('RADI1187', 'Masters ReseARCH(48cp) '),
('RADI1188', 'Masters ReseARCH(36cp) '),
('RADI1189', 'Masters ReseARCH(24cp) '),
('RADI1190', 'Masters ReseARCH(12cp) '),
('RADI1191', 'PhD ReseARCH(48cp) '),
('RADI1192', 'PhD ReseARCH(36cp) '),
('RADI1193', 'PhD ReseARCH(24cp) '),
('RADI1194', 'PhD ReseARCH(12cp) '),
('REHA2125', 'Osteopathic Clinical Practice and ReseARCH4 '),
('REHA2126', 'Osteopathic Diagnosis and Technique 4'),
('REHA2164', 'Chiropractic 2'),
('REHA2168', 'Chiropractic 6'),
('REHA2170', 'Biomechanics for Chiropractors '),
('REHA2173', 'Osteopathy Theory and Practice 2'),
('REHA2176', 'Osteopathic Theory and Practice 4'),
('REHA2180', 'Osteopathic Theory and Practice 6'),
('REHA2186', 'Chiropractic Clinical Practicum 2'),
('REHA2188', 'Chiropractic Clinical Practicum 4  '),
('REHA2191', 'Clinical Chiropractic 3  '),
('REHA2192', 'ReseARCHand Scholarship Portfolio  '),
('REHA2198', 'Chiropractic 4 Practical'),
('REHA2201', 'Chiropractic 4 Theory'),
('REHA2214', 'Osteopathic Clinical Practice 2 '),
('REHA2215', 'Osteopathic Principles and Practice 2'),
('REHA2224', 'Osteopathic Principles and Introduction to Clinical Practice'),
('REHA2226', 'Clinical Medicine (Neuro-Muscular Presentations)'),
('SOCU1016', 'Culture and Business Practice in Asia '),
('SOCU1025', 'Intercultural Communication'),
('SOCU1036', 'Global Governance and International Law'),
('SOCU1038', 'International Professional Practice'),
('SOCU1042', 'International ReseARCHProject'),
('SOCU1049', 'Language Management in International Organisations'),
('SOCU1098', 'Disability and Society '),
('SOCU2080', 'International Diplomacy'),
('SOCU2083', 'Honours Thesis 1 '),
('SOCU2084', 'Honours Thesis 2 '),
('SOCU2089', 'Careers That Work '),
('SOCU2096', 'Family'),
('SOCU2098', 'Farming The Future  '),
('SOCU2112', 'Global Political Economy'),
('SOCU2116', 'Contemporary Criminology'),
('SOCU2118', 'Contemporary Criminology'),
('SOCU2119', 'Criminological Theory'),
('SOCU2229', 'Masters Minor Thesis A (Preparation) '),
('SOCU2230', 'Masters Minor Thesis B '),
('SOCU2231', 'Masters Minor Thesis C '),
('SOCU2234', 'International Disaster Relief and Humanitarian Assistance '),
('SOCU2235', 'Global Crime'),
('SOCU2236', 'Global Crime'),
('SOCU2241', 'Peace-Building and Reconciliation '),
('SOCU2242', 'Peace-Building and Reconciliation '),
('SOCU2253', 'Criminal Behaviour Analysis'),
('SOCU2254', 'Criminal Behaviour Analysis'),
('SOCU2266', 'Crime Science  '),
('TCHE1003', 'Principles of Adult Learning and Teaching '),
('TCHE1005', 'Facilitating Literacy and Numeracy Learning in the Workplace '),
('TCHE1006', 'Internationalising the Curriculum '),
('TCHE1013', 'Assessment and Reporting in Adult and Vocational Education'),
('TCHE1015', 'Flexible and E-Learning in Adult and Vocational Education '),
('TCHE1034', 'Implementing Tertiary Learning and Teaching '),
('TCHE1057', 'Field Experience Teaching Practice A '),
('TCHE1269', 'Literacy in the Middle Years'),
('TCHE2061', 'Field Experience Teaching Practice B '),
('TCHE2072', 'Cultural Diversity in Training '),
('TCHE2105', 'Teaching English to Speakers of Other Languages Method B'),
('TCHE2137', 'Children'),
('TCHE2141', 'Languages and Literacies in Early Childhood'),
('TCHE2151', 'Early Childhood Intervention for Children with Disabilities '),
('TCHE2166', 'Educational Approaches for Successful Inclusions '),
('TCHE2167', 'Working with Families of Children with Disabilities'),
('TCHE2205', 'Humanities and Global Education '),
('TCHE2215', 'Teaching English to Speakers of Other Languages Method B'),
('TCHE2226', 'Professional Issues in Teaching'),
('TCHE2227', 'Supervised Teaching Practice'),
('TCHE2242', 'Home Economics Method B  '),
('TCHE2248', 'Home Economics Method B  '),
('TCHE2249', 'Professional Practice 1: Where Do I Fit? '),
('TCHE2250', 'Professional Practice 2: Understanding the School Context '),
('TCHE2251', 'Professional Practice 3: Classroom Management '),
('TCHE2252', 'Professional Practice 4: Communication '),
('TCHE2253', 'Professional Practice 5: Assessment '),
('TCHE2254', 'Professional Practice 6: Inquiry Taking a Risk '),
('TCHE2255', 'Professional Practice 7: Putting it All Together Planning and Assessment '),
('TCHE2256', 'Professional Practice 8: Professionalism '),
('TCHE2258', 'Professional Practice 2: Understanding the School Context '),
('TCHE2259', 'Professional Practice 3: Classroom Management '),
('TCHE2260', 'Professional Practice 4: Communication '),
('TCHE2261', 'Professional Practice 5: Assessment '),
('TCHE2262', 'Professional Practice 6: Inquiry Taking a Risk '),
('TCHE2263', 'Professional Practice 7: Putting it All Together Planning and Assessment '),
('TCHE2264', 'Professional Practice 8: Professionalism '),
('TCHE2265', 'Secondary Professional Practice 2 '),
('TCHE2266', 'Secondary Professional Practice 1 '),
('TCHE2267', 'Early Childhood Teaching  Professional Practice 1 '),
('TCHE2268', 'Early Childhood Teaching Professional Practice 2 '),
('TCHE2269', 'Primary Professional Practice 1 '),
('TCHE2270', 'Primary Professional Practice 2 '),
('TCHE2271', 'Primary Professional Practice 3 '),
('TCHE2272', 'Early Childhood Professional Practice 1 '),
('TCHE2273', 'Early Childhood Professional Practice 2 '),
('TCHE2274', 'Early Childhood Professional Practice 3 '),
('TCHE2281', 'Numeracy 3: Developing a Sense of Number'),
('TCHE2282', 'Numeracy 3: Developing a Sense of Number'),
('TCHE2283', 'Curriculum and Assessment'),
('TCHE2284', 'Curriculum and Assessment'),
('TCHE2287', 'Learning and Developing Literacies'),
('TCHE2288', 'Science and Technology Education'),
('TCHE2289', 'Teaching Health and Physical Education for Understanding '),
('TCHE2291', 'Applied Education Project  '),
('TCHE2292', 'Inclusive Education '),
('TCHE2293', 'Investigating Science'),
('TCHE2295', 'Issues and Contexts in Education'),
('TCHE2297', 'Teaching as Community'),
('TCHE2298', 'HPE 2:Promoting Health Education '),
('TCHE2300', 'Issues and Contexts in Education'),
('TCHE2301', 'Teaching as Reflective Practice'),
('TCHE2303', 'Integrated Studies '),
('TCHE2304', 'Understanding Diversity and Difference'),
('TCHE2308', 'Science and Technology 1: Discovering Science and Technology'),
('TCHE2309', 'Literacy 2: Developing Language Users'),
('TCHE2314', 'Exploring and Designing in Arts Practice'),
('TCHE2319', 'Teaching Across the Curriculum'),
('TCHE2324', 'Teaching as Reflective Practice'),
('TCHE2325', 'Linking Theory to Practice: Teaching Two to Eight Year Olds '),
('TCHE2326', 'Issues and Contexts in Education'),
('TCHE2327', 'HPE 2:Promoting Health Education '),
('TCHE2329', 'Integrated Studies'),
('TCHE2331', 'Understanding Diversity and Difference'),
('TCHE2335', 'Science and Technology 1: Discovering Science and Technology'),
('TCHE2336', 'Literacy 2: Developing Language Users'),
('TCHE2339', 'New Curriculum with New Media '),
('TCHE2340', 'Experiencing the Arts'),
('TCHE2341', 'Organising and Implementing Primary School Camps  '),
('TCHE2343', 'Humanities in the Middle: Participation'),
('TCHE2347', 'Motor Patterns and Movement Experiences in Schools'),
('TCHE2350', 'Literacy 4: 21st Century Literacies'),
('TCHE2351', 'Literacy 4: 21st Century Literacies'),
('TCHE2364', 'Applied Education Project '),
('TCHE2365', 'Studying and Providing for Children Birth to Two'),
('TCHE2366', 'Linking Theory to Practice: Teaching Two to Eight Year Olds '),
('TCHE2367', 'Learning and Developing Literacies'),
('TCHE2379', 'Professional Practice 1: Where do I fit and the School context '),
('TCHE2380', 'Professional Practice 2: Classroom Management and Communication '),
('TCHE2381', 'Professional Practice 3: Assessment and Inquiry Taking a Risk '),
('TCHE2382', 'Professional Practice 4: Putting it all together Professionalism '),
('TCHE2402', 'Education Method 2 '),
('TCHE2403', 'Project Based Method 1 '),
('TCHE2407', 'Integrated e-pedagogy '),
('TCHE2432', 'Operations'),
('TCHE2433', 'Learning and Developing Literacies '),
('TCHE2437', 'Professional Experience: Connected Classrooms '),
('TCHE2456', 'Indigenous Studies in Education'),
('TCHE2457', 'Introduction to Arts Education'),
('TCHE2458', 'Introduction to Mathematics and Numeracy'),
('TCHE2473', 'Teaching Australian History and Society'),
('TCHE2490', 'Educational Settings and Society '),
('TCHE2493', 'Educational Settings and Society'),
('TCHE2494', 'Introduction to Mathematics and Numeracy '),
('TCHE2495', 'Introduction to Arts Education '),
('TCHE2496', 'Teaching Australian History and Society '),
('TCHE2525', 'Masters ReseARCH(48cp) '),
('TCHE2526', 'Masters ReseARCH(36cp) '),
('TCHE2527', 'Masters ReseARCH(24cp) '),
('TCHE2528', 'Masters ReseARCH(12cp) '),
('TCHE2529', 'PhD ReseARCH(48cp) '),
('TCHE2530', 'PhD ReseARCH(36cp) '),
('TCHE2531', 'PhD ReseARCH(24cp) '),
('TCHE2532', 'PhD ReseARCH(12cp) '),
('TCHE2536', 'Professional Issues in Early Childhood Education  '),
('TCHE2539', 'Early Childhood Education Futures'),
('TCHE2540', 'Early Childhood Education Theories and Practice'),
('TCHE2541', 'Early Childhood Teacher as Researcher  '),
('TCHE2545', 'Investigating Science and Technology with Young Children '),
('TCHE2546', 'Leadership in Early Childhood'),
('TCHE2547', 'Management in Early Childhood'),
('TCHE2549', 'Reflective Practice and Professional Development for Early Childhood Teachers '),
('TCHE2553', 'Inclusive Education in Early Childhood Settings '),
('TCHE2554', 'Arts in the Primary School '),
('VART1221', 'Lithography: Drawing to Print  '),
('VART1316', 'Painting Elective  '),
('VART1325', 'Drawing Elective  '),
('VART1398', 'Sculpture Elective  '),
('VART1706', 'Studio Imaging Practice 203'),
('VART1708', 'Portraiture 201 '),
('VART1710', 'Location Imaging Practice 203'),
('VART1711', 'Location Imaging Practice 204 '),
('VART1715', 'Language of Colour '),
('VART1868', 'Popular Culture and the Moving Image'),
('VART1869', 'Photography: An Introduction'),
('VART1948', 'Studio Photography Online 1 '),
('VART2027', 'Art in Public Space  '),
('VART2494', 'Experience Design'),
('VART2495', 'Digital Imaging'),
('VART2496', 'Games Studies'),
('VART2500', 'Games Design and Analysis'),
('VART2963', 'Professional Portfolio and Communication'),
('VART2967', 'Major Project Proposal Development  '),
('VART2969', 'Self Directed Projects A  '),
('VART2971', 'Self Directed Projects B  '),
('VART2973', 'Major Project A  '),
('VART2975', 'Major Project B  '),
('VART2977', 'Studio Imaging Practice 101 '),
('VART2978', 'Studio Imaging Practice 102 '),
('VART2979', 'Location Imaging Practice 101 '),
('VART2980', 'Location Imaging Practice 102 '),
('VART2982', 'Documentary and Editorial Practice 201'),
('VART2985', 'Professional Imaging Folio'),
('VART2989', '2D Animation Practice'),
('VART2990', '3D Animation Practice'),
('VART3001', 'Major Project Presentation  '),
('VART3002', 'Major ReseARCHProject  '),
('VART3019', 'Honours Seminar  '),
('VART3021', 'Honours Specialisation  '),
('VART3023', 'Practice'),
('VART3025', 'Honours Independent Project  '),
('VART3038', 'Supervised ReseARCHProject 6  '),
('VART3420', 'Integrated Project 1  '),
('VART3421', 'Integrated Project 2  '),
('VART3422', 'Theories and Professional Practice 1  '),
('VART3423', 'Theories and Professional Practice 2  '),
('VART3438', 'Skills and Practice  '),
('VART3440', 'Diversified Projects  '),
('VART3442', 'Projects and Exhibition  '),
('VART3444', 'Object Fundamentals  '),
('VART3446', 'Composite Materials and Forms  '),
('VART3448', 'Practice to Exhibition  '),
('VART3450', 'Contemporary Print Imaging  '),
('VART3452', 'The Fine Print  '),
('VART3454', 'Exhibition Project  '),
('VART3456', 'Ideas and Process  '),
('VART3458', 'Expanding Practice  '),
('VART3460', 'Presentation Strategies  '),
('VART3462', 'Drawing'),
('VART3463', 'Studio Individual Development  '),
('VART3464', 'Video Art  '),
('VART3467', 'Studio as Art Practice  '),
('VART3468', 'Expanded Media Lab  '),
('VART3471', 'Casting  '),
('VART3472', 'Moulding Objects  '),
('VART3473', 'Rapid Prototyping  '),
('VART3474', 'Forming  '),
('VART3475', 'Enamelling  '),
('VART3476', 'Object'),
('VART3478', 'Photographic Screenprinting  '),
('VART3479', 'Image: Capture and Workflow  '),
('VART3480', 'Artist''s Books  '),
('VART3483', 'Art Online  '),
('VART3484', 'Print (Re) Generations  '),
('VART3486', 'Foundry and Fabrication  '),
('VART3489', 'Score and Sound Design  '),
('VART3490', 'Installation Art  '),
('VART3492', 'Advanced Studio Technologies 2  '),
('VART3493', 'Concepts of Representation  '),
('VART3494', 'Pop'),
('VART3495', 'Art of Place  '),
('VART3496', 'How the object talks  '),
('VART3497', 'Hybrid Practice: object/design  '),
('VART3498', 'Siting Practice  '),
('VART3499', 'Proof and Archive  '),
('VART3500', 'The Print Original Paradox  '),
('VART3501', 'Applied Print Discourse  '),
('VART3502', 'The object in Sculpture and Sound  '),
('VART3503', 'Spatial and Sonic Environments  '),
('VART3504', 'Performance and Live Art  '),
('VART3511', 'Art and Photography  '),
('VART3514', 'Object Skills and Methods  '),
('VART3574', 'Animation and Interactive Media Design for Movement'),
('VART3575', 'Animation and Interactive Media Major Project '),
('VART3576', 'Animation and Interactive Media Professional Practice'),
('VART3581', 'Masters ReseARCH(48cp)  '),
('VART3582', 'Masters ReseARCH(36cp) '),
('VART3583', 'Masters ReseARCH(24cp) '),
('VART3584', 'Masters ReseARCH(12cp) '),
('VART3585', 'PhD ReseARCH(48cp) '),
('VART3586', 'PhD ReseARCH(36cp) '),
('VART3587', 'PhD ReseARCH(24cp) '),
('VART3588', 'PhD ReseARCH(12cp) ');

-- --------------------------------------------------------

--
-- Table structure for table `enrolments`
--

CREATE TABLE IF NOT EXISTS `enrolments` (
  `userID` int(11) NOT NULL,
  `courseID` varchar(30) NOT NULL,
  `semester` char(3) NOT NULL,
  PRIMARY KEY (`userID`,`courseID`)
) ENGINE=InnoDB DEFAULT CHARSET=latin1;

--
-- Dumping data for table `enrolments`
--

INSERT INTO `enrolments` (`userID`, `courseID`, `semester`) VALUES
(1, 'BUSM3261', '142'),
(1, 'EEET1070', '142'),
(1, 'ONPS2374', '142'),
(4, 'BUSM1094', '142'),
(4, 'BUSM1278', '142'),
(4, 'EXTL1215', '142'),
(5, 'COTH2155', '142'),
(5, 'HUSO2036', '142'),
(6, 'COSC2194', '142'),
(7, 'BUSM1278', '142'),
(7, 'COMM2301', '142'),
(7, 'OMGT1179', '142'),
(7, 'ONPS2374', '142'),
(8, 'COMM2301', '142'),
(8, 'GRAP2607', '142'),
(9, 'COMM2301', '142'),
(9, 'GRAP2607', '142'),
(9, 'MKTG1100', '142'),
(9, 'OMGT1179', '142'),
(10, 'INTE2505', '142'),
(10, 'ONPS2374', '142'),
(11, 'CIVE1239', '142'),
(11, 'EEET1070', '142'),
(11, 'INTE2505', '142'),
(12, 'BUIL1254', '142'),
(12, 'MKTG1100', '142'),
(13, 'COSC1235', '142'),
(14, 'COMM2301', '142'),
(15, 'INTE1058B', '142'),
(17, 'EEET1070', '142'),
(17, 'GEOM2145', '142'),
(17, 'MEDS2111', '142'),
(17, 'OMGT1179', '142'),
(18, 'OMGT1236', '142'),
(19, 'EEET1126', '142'),
(19, 'INTE1058B', '142'),
(19, 'INTE2505', '142'),
(19, 'ONPS2374', '142'),
(20, 'BUSM1094', '142'),
(20, 'HUSO2036', '142'),
(21, 'INTE2505', '142'),
(21, 'OMGT1070', '142'),
(21, 'OMGT1179', '142'),
(22, 'EEET1070', '142'),
(22, 'SOCU2118', '142'),
(23, 'BUSM3208B', '142'),
(23, 'COSC2194', '142'),
(23, 'ISYS1168', '142'),
(23, 'OMGT1070', '142'),
(23, 'OMGT1179', '142'),
(25, 'COTH2155', '142'),
(25, 'GEOM2145', '142'),
(25, 'ISYS1168', '142'),
(26, 'BUSM3208B', '142'),
(27, 'COSC1235', '142'),
(27, 'COSC2194', '142'),
(27, 'COTH2115', '142'),
(27, 'EEET1070', '142'),
(27, 'MEDS2111', '142'),
(28, 'BUIL1295', '142'),
(28, 'COSC1235', '142'),
(29, 'BUSM1278', '142'),
(29, 'BUSM3261', '142'),
(30, 'BUSM1278', '142'),
(30, 'COSC2194', '142'),
(30, 'MKTG1100', '142'),
(31, 'BUSM3208B', '142'),
(31, 'OMGT1070', '142'),
(31, 'ONPS2374', '142'),
(32, 'COMM2301', '142'),
(32, 'EEET2037', '142'),
(32, 'EXTL1215', '142'),
(34, 'BUSM1278', '142'),
(34, 'COSC1235', '142'),
(35, 'EEET1070', '142'),
(36, 'MKTG1100', '142'),
(37, 'ONPS2374', '142'),
(38, 'OMGT1179', '142'),
(40, 'COTH2155', '142'),
(41, 'CIVE1239', '142'),
(41, 'ISYS1168', '142'),
(43, 'COSC2194', '142'),
(43, 'HUSO2036', '142'),
(44, 'BUIL1254', '142'),
(44, 'GEOM2145', '142'),
(44, 'INTE2505', '142'),
(44, 'MKTG1100', '142'),
(46, 'BUSM1278', '142'),
(46, 'COTH2115', '142'),
(46, 'OMGT1236', '142'),
(47, 'BUSM1278', '142'),
(47, 'GEOM2145', '142'),
(47, 'OMGT1236', '142'),
(48, 'BUSM3208B', '142'),
(48, 'EEET1070', '142'),
(48, 'GRAP2607', '142'),
(49, 'BUSM1278', '142'),
(50, 'EXTL1215', '142'),
(50, 'OMGT1070', '142'),
(51, 'EEET2037', '142'),
(51, 'GEOM2145', '142'),
(52, 'BUSM3261', '142'),
(53, 'BUSM3261', '142'),
(54, 'BUSM3208B', '142'),
(55, 'HUSO2036', '142'),
(57, 'COTH2115', '142'),
(57, 'GEOM2145', '142'),
(57, 'ONPS2374', '142'),
(59, 'EEET2037', '142'),
(60, 'COMM2301', '142'),
(60, 'GEOM2145', '142'),
(61, 'ARCH1311', '142'),
(61, 'GEOM2145', '142'),
(62, 'COTH2115', '142'),
(63, 'ONPS2374', '142'),
(64, 'ARCH1311', '142'),
(64, 'COSC1235', '142'),
(65, 'BUSM3261', '142'),
(65, 'GRAP2607', '142'),
(65, 'INTE1058B', '142'),
(65, 'INTE2505', '142'),
(66, 'ARCH1311', '142'),
(66, 'COTH2155', '142'),
(66, 'OMGT1070', '142'),
(68, 'COMM2301', '142'),
(68, 'EEET1070', '142'),
(68, 'INTE1058B', '142'),
(68, 'OMGT1070', '142'),
(69, 'BUSM1094', '142'),
(70, 'BUIL1254', '142'),
(70, 'EEET2037', '142'),
(70, 'INTE2505', '142'),
(71, 'BUSM1094', '142'),
(71, 'BUSM3208B', '142'),
(71, 'GRAP2607', '142'),
(71, 'MKTG1100', '142'),
(71, 'OMGT1236', '142'),
(71, 'SOCU2118', '142'),
(72, 'INTE2505', '142'),
(73, 'INTE1058B', '142'),
(73, 'MKTG1100', '142'),
(74, 'INTE1058B', '142'),
(75, 'ONPS2374', '142'),
(77, 'COSC2194', '142'),
(77, 'COTH2115', '142'),
(77, 'EEET2037', '142'),
(77, 'ONPS2374', '142'),
(78, 'CIVE1239', '142'),
(78, 'EEET1126', '142'),
(78, 'OMGT1236', '142'),
(79, 'MEDS2111', '142'),
(79, 'ONPS2374', '142'),
(80, 'EEET1070', '142'),
(81, 'ARCH1311', '142'),
(81, 'COSC1235', '142'),
(81, 'EEET2037', '142'),
(81, 'GRAP2607', '142'),
(81, 'HUSO2036', '142'),
(81, 'MKTG1100', '142'),
(81, 'OMGT1070', '142'),
(81, 'OMGT1179', '142'),
(83, 'EEET2037', '142'),
(84, 'EEET2037', '142'),
(86, 'BUSM3208B', '142'),
(87, 'GEOM2145', '142'),
(87, 'HUSO2036', '142'),
(87, 'ONPS2374', '142'),
(88, 'COTH2155', '142'),
(89, 'COSC1235', '142'),
(90, 'BUSM1278', '142'),
(90, 'COSC1235', '142'),
(90, 'COTH2115', '142'),
(90, 'EEET1070', '142'),
(90, 'EEET2037', '142'),
(90, 'GRAP2607', '142'),
(91, 'BUSM1094', '142'),
(91, 'BUSM3261', '142'),
(91, 'EXTL1215', '142'),
(92, 'BUSM1094', '142'),
(93, 'COTH2155', '142'),
(93, 'EEET2037', '142'),
(94, 'BUSM1278', '142'),
(94, 'COTH2115', '142'),
(94, 'EEET2037', '142'),
(95, 'BUSM3208B', '142'),
(95, 'COMM2301', '142'),
(95, 'INTE1058B', '142'),
(97, 'BUIL1295', '142'),
(97, 'INTE1058B', '142'),
(97, 'OMGT1070', '142'),
(97, 'SOCU2118', '142'),
(98, 'COTH2115', '142'),
(99, 'MEDS2111', '142'),
(100, 'INTE1058B', '142');

-- --------------------------------------------------------

--
-- Table structure for table `groups`
--

CREATE TABLE IF NOT EXISTS `groups` (
  `courseID` varchar(11) NOT NULL,
  `groupID` int(11) NOT NULL AUTO_INCREMENT,
  `groupName` varchar(30) NOT NULL,
  PRIMARY KEY (`groupID`)
) ENGINE=InnoDB  DEFAULT CHARSET=latin1 AUTO_INCREMENT=101 ;

--
-- Dumping data for table `groups`
--

INSERT INTO `groups` (`courseID`, `groupID`, `groupName`) VALUES
('MKTG1100', 1, 'Finale'),
('COTH2155', 2, 'Yahoo'),
('BUSM3208B', 3, 'Cakewalk'),
('EEET1070', 4, 'Sibelius'),
('HUSO2036', 5, 'Group'),
('COMM2301', 6, 'Altavista'),
('BUIL1295', 7, 'Lavasoft'),
('COMM2301', 8, 'Apple Systems'),
('COSC2194', 9, 'Sibelius'),
('CIVE1239', 10, 'Google');

-- --------------------------------------------------------

--
-- Table structure for table `group_members`
--

CREATE TABLE IF NOT EXISTS `group_members` (
  `groupID` int(11) NOT NULL,
  `userID` int(11) NOT NULL,
  PRIMARY KEY (`userID`,`groupID`)
) ENGINE=InnoDB DEFAULT CHARSET=latin1;

--
-- Dumping data for table `group_members`
--

INSERT INTO `group_members` (`groupID`, `userID`) VALUES
(4, 1),
(2, 5),
(5, 5),
(9, 6),
(10, 11),
(4, 17),
(4, 22),
(2, 26),
(4, 27),
(7, 28),
(6, 32),
(8, 32),
(10, 41),
(9, 43),
(3, 48),
(5, 55),
(2, 66),
(3, 71),
(9, 77),
(1, 81),
(3, 86),
(5, 87),
(2, 93),
(3, 95),
(6, 95),
(8, 95),
(7, 97);

-- --------------------------------------------------------

--
-- Table structure for table `messages`
--

CREATE TABLE IF NOT EXISTS `messages` (
  `messageID` int(11) NOT NULL AUTO_INCREMENT,
  `from` int(11) NOT NULL,
  `to` int(11) NOT NULL,
  `message` varchar(511) NOT NULL,
  `groupMessage` tinyint(1) NOT NULL,
  `time` timestamp NOT NULL DEFAULT CURRENT_TIMESTAMP,
  PRIMARY KEY (`messageID`)
) ENGINE=InnoDB DEFAULT CHARSET=latin1 AUTO_INCREMENT=1 ;

-- --------------------------------------------------------

--
-- Table structure for table `users`
--

CREATE TABLE IF NOT EXISTS `users` (
  `userID` int(11) NOT NULL AUTO_INCREMENT,
  `password` char(32) NOT NULL,
  `bio` varchar(255) NOT NULL,
  `interests` varchar(255) NOT NULL,
  `email` varchar(255) NOT NULL,
  `username` varchar(30) NOT NULL,
  `fName` varchar(30) NOT NULL,
  `lName` varchar(30) NOT NULL,
  `admin` tinyint(1) NOT NULL DEFAULT '0',
  PRIMARY KEY (`userID`),
  UNIQUE KEY `username` (`username`)
) ENGINE=InnoDB  DEFAULT CHARSET=latin1 AUTO_INCREMENT=101 ;

--
-- Dumping data for table `users`
--

INSERT INTO `users` (`userID`, `password`, `bio`, `interests`, `email`, `username`, `fName`, `lName`, `admin`) VALUES
(1, '5f4dcc3b5aa765d61d8327deb882cf99', 'aliquam iaculis, lacus pede sagittis augue, eu tempor erat neque non quam. Pellentesque habitant morbi tristique senectus et netus et malesuada fames ac turpis egestas. Aliquam fringilla cursus purus. Nullam', 'Human Resources', 'faucibus.Morbi.vehicula@non.org', 'RMS56UYT0LH', 'Burke', 'Hanna', 0),
(2, '5f4dcc3b5aa765d61d8327deb882cf99', 'ac urna. Ut tincidunt vehicula risus. Nulla eget metus eu erat semper rutrum. Fusce dolor quam, elementum at, egestas a, scelerisque sed, sapien. Nunc', 'Customer Service, Media Relations', 'sollicitudin.a.malesuada@Loremipsum.org', 'CWT66AGB9MQ', 'Dacey', 'Genevieve', 0),
(3, '5f4dcc3b5aa765d61d8327deb882cf99', 'non magna. Nam ligula elit, pretium et, rutrum non, hendrerit id, ante. Nunc mauris sapien, cursus in, hendrerit consectetuer, cursus et, magna. Praesent interdum ligula', 'Public Relations, Payroll', 'Sed@sit.ca', 'LNE72WDH1II', 'Courtney', 'Imelda', 0),
(4, '5f4dcc3b5aa765d61d8327deb882cf99', 'Morbi vehicula. Pellentesque tincidunt tempus risus. Donec egestas. Duis ac arcu. Nunc mauris. Morbi non sapien molestie', 'Legal Department, Asset Management, Quality Assurance', 'libero@Aeneaneget.com', 'HVN71UPD6LB', 'Hollee', 'Yoshio', 0),
(5, '5f4dcc3b5aa765d61d8327deb882cf99', 'bibendum. Donec felis orci, adipiscing non, luctus sit amet, faucibus ut, nulla. Cras eu tellus eu augue porttitor interdum. Sed auctor odio a purus. Duis elementum, dui quis accumsan convallis,', 'Accounting', 'quis.lectus@etmalesuadafames.edu', 'MRR09JQX5LU', 'Lani', 'Emerson', 0),
(6, '5f4dcc3b5aa765d61d8327deb882cf99', 'lobortis ultrices. Vivamus rhoncus. Donec est. Nunc ullamcorper, velit in aliquet lobortis, nisi nibh lacinia orci, consectetuer euismod est arcu ac', 'Legal Department, Research and Development', 'a.ultricies.adipiscing@ascelerisquesed.com', 'QNY66VOE7GW', 'Slade', 'Jonas', 0),
(7, '5f4dcc3b5aa765d61d8327deb882cf99', 'ante blandit viverra. Donec tempus, lorem fringilla ornare placerat, orci', 'Accounting, Customer Service, Tech Support, Research and Development', 'gravida.sit@velvulputateeu.co.uk', 'MNY34VUH5LA', 'Chantale', 'Cora', 0),
(8, '5f4dcc3b5aa765d61d8327deb882cf99', 'et risus. Quisque libero lacus, varius et, euismod et, commodo at, libero. Morbi accumsan laoreet ipsum. Curabitur consequat,', 'Research and Development, Tech Support, Human Resources', 'arcu@cursusnonegestas.co.uk', 'AKV32KCH6ZJ', 'Rebekah', 'Valentine', 0),
(9, '5f4dcc3b5aa765d61d8327deb882cf99', 'Duis mi enim, condimentum eget, volutpat ornare, facilisis eget, ipsum. Donec sollicitudin adipiscing ligula.', 'Accounting, Customer Relations, Public Relations, Sales and Marketing, Customer Service', 'ullamcorper.eu@liberonecligula.com', 'MLQ35TMZ8XG', 'Winter', 'Maris', 0),
(10, '5f4dcc3b5aa765d61d8327deb882cf99', 'sed turpis nec mauris blandit mattis. Cras eget nisi dictum augue malesuada malesuada. Integer id magna et ipsum cursus vestibulum. Mauris magna. Duis dignissim tempor arcu. Vestibulum ut', '', 'Ut.tincidunt@suscipitestac.com', 'ZPZ42MWJ9ET', 'Jasmine', 'Hamilton', 0),
(11, '5f4dcc3b5aa765d61d8327deb882cf99', 'Suspendisse sagittis. Nullam vitae diam. Proin dolor. Nulla semper tellus id nunc interdum feugiat. Sed nec metus facilisis lorem tristique aliquet. Phasellus fermentum convallis ligula. Donec', 'Legal Department, Asset Management, Advertising', 'tellus.Nunc.lectus@semconsequat.com', 'BYT40ZME0YP', 'Robin', 'Yvonne', 0),
(12, '5f4dcc3b5aa765d61d8327deb882cf99', 'Nullam nisl. Maecenas malesuada fringilla est. Mauris eu turpis. Nulla aliquet. Proin velit. Sed malesuada augue ut lacus. Nulla tincidunt,', 'Media Relations', 'et@mi.org', 'GHM91GLK6XT', 'Duncan', 'Abel', 0),
(13, '5f4dcc3b5aa765d61d8327deb882cf99', 'Nulla tempor augue ac ipsum. Phasellus vitae mauris sit amet lorem semper auctor. Mauris vel', 'Customer Service, Legal Department, Finances, Sales and Marketing', 'arcu.Morbi.sit@rhoncus.co.uk', 'DHQ62ZFV6MB', 'Jaden', 'Kenneth', 0),
(14, '5f4dcc3b5aa765d61d8327deb882cf99', 'mauris sagittis placerat. Cras dictum ultricies ligula. Nullam enim. Sed', '', 'magna.Lorem@quislectus.ca', 'HEN19IXH8LS', 'Malachi', 'Anastasia', 0),
(15, '5f4dcc3b5aa765d61d8327deb882cf99', 'Suspendisse dui. Fusce diam nunc, ullamcorper eu, euismod ac, fermentum vel, mauris.', 'Sales and Marketing, Human Resources', 'ultrices.a.auctor@auctorvitaealiquet.com', 'TMF99XBI0WJ', 'Fletcher', 'Darius', 0),
(16, '5f4dcc3b5aa765d61d8327deb882cf99', 'malesuada id, erat. Etiam vestibulum massa rutrum magna. Cras convallis convallis dolor. Quisque tincidunt pede ac urna. Ut tincidunt vehicula risus. Nulla eget metus eu erat semper rutrum. Fusce dolor', 'Customer Relations', 'sit.amet.consectetuer@nunc.org', 'WQI25LSS0KY', 'Sylvester', 'Brandon', 0),
(17, '5f4dcc3b5aa765d61d8327deb882cf99', 'Curabitur vel lectus. Cum sociis natoque penatibus et magnis dis', '', 'leo@quamdignissimpharetra.ca', 'WAN86YMT2BI', 'Susan', 'Gwendolyn', 0),
(18, '5f4dcc3b5aa765d61d8327deb882cf99', 'congue, elit sed consequat auctor, nunc nulla vulputate dui, nec', 'Advertising, Accounting, Legal Department, Tech Support', 'mi@turpisegestas.com', 'HJE16APM0TG', 'Martin', 'Keith', 0),
(19, '5f4dcc3b5aa765d61d8327deb882cf99', 'turpis. In condimentum. Donec at arcu. Vestibulum ante ipsum primis in faucibus orci luctus et ultrices posuere cubilia', 'Finances, Sales and Marketing, Legal Department, Advertising', 'Nunc.pulvinar@convallis.edu', 'PYQ22BEW2CL', 'Giacomo', 'Inez', 0),
(20, '5f4dcc3b5aa765d61d8327deb882cf99', 'nibh vulputate mauris sagittis placerat. Cras dictum ultricies ligula. Nullam enim. Sed nulla ante, iaculis nec, eleifend non, dapibus rutrum, justo.', 'Sales and Marketing', 'massa.Quisque@nullaInteger.net', 'OAF39NRZ6TS', 'Whilemina', 'Tad', 0),
(21, '5f4dcc3b5aa765d61d8327deb882cf99', 'Phasellus fermentum convallis ligula. Donec luctus aliquet odio. Etiam ligula tortor, dictum eu,', '', 'Donec.consectetuer.mauris@auctornon.co.uk', 'RUH36GTS0PJ', 'Sean', 'Aphrodite', 0),
(22, '5f4dcc3b5aa765d61d8327deb882cf99', 'Proin vel nisl. Quisque fringilla euismod enim. Etiam gravida molestie arcu. Sed eu nibh vulputate mauris sagittis placerat. Cras dictum ultricies ligula. Nullam enim.', 'Accounting', 'ac@ipsumprimisin.co.uk', 'WZX96ITT7LS', 'Carly', 'Basia', 0),
(23, '5f4dcc3b5aa765d61d8327deb882cf99', 'Duis cursus, diam at pretium aliquet, metus urna convallis erat, eget tincidunt dui augue eu tellus. Phasellus elit pede, malesuada vel, venenatis vel,', 'Accounting, Public Relations, Payroll, Research and Development, Finances', 'nec.orci.Donec@dignissimMaecenasornare.edu', 'QVO47RQA3HZ', 'Sasha', 'Madeson', 0),
(24, '5f4dcc3b5aa765d61d8327deb882cf99', 'sodales purus, in molestie tortor nibh sit amet orci. Ut sagittis lobortis mauris. Suspendisse aliquet', 'Tech Support, Accounting, Customer Relations, Finances', 'Cras.eget.nisi@anteipsumprimis.org', 'VGG26RME3CS', 'Helen', 'Xenos', 0),
(25, '5f4dcc3b5aa765d61d8327deb882cf99', 'dui, nec tempus mauris erat eget ipsum. Suspendisse sagittis. Nullam vitae diam. Proin dolor. Nulla', '', 'eget@Pellentesquehabitantmorbi.net', 'ZFV15PAK3IJ', 'Aaron', 'Amanda', 0),
(26, '5f4dcc3b5aa765d61d8327deb882cf99', 'risus. Quisque libero lacus, varius et, euismod et, commodo at, libero. Morbi accumsan laoreet ipsum. Curabitur consequat, lectus', 'Legal Department, Customer Relations, Human Resources, Research and Development, Sales and Marketing', 'risus.In@lectusante.com', 'YVW99EOF3BO', 'Rudyard', 'Kellie', 0),
(27, '5f4dcc3b5aa765d61d8327deb882cf99', 'ac ipsum. Phasellus vitae mauris sit amet lorem semper auctor. Mauris vel turpis. Aliquam adipiscing lobortis risus. In mi pede,', 'Customer Service, Human Resources, Advertising, Sales and Marketing, Accounting', 'natoque.penatibus.et@velmauris.ca', 'AKB27UKN0MD', 'Preston', 'Aurora', 0),
(28, '5f4dcc3b5aa765d61d8327deb882cf99', 'nonummy ipsum non arcu. Vivamus sit amet risus. Donec egestas. Aliquam nec enim. Nunc ut erat. Sed', '', 'Curabitur@seddui.org', 'AHW25NLC2VR', 'Vivian', 'Grace', 0),
(29, '5f4dcc3b5aa765d61d8327deb882cf99', 'pede blandit congue. In scelerisque scelerisque dui. Suspendisse ac metus vitae velit egestas lacinia. Sed congue, elit sed consequat auctor, nunc', 'Media Relations', 'et@Duis.co.uk', 'NJV87RGG8LF', 'Brock', 'Castor', 0),
(30, '5f4dcc3b5aa765d61d8327deb882cf99', 'aliquet. Proin velit. Sed malesuada augue ut lacus. Nulla tincidunt, neque vitae semper egestas, urna justo faucibus lectus, a sollicitudin orci', '', 'eget.venenatis.a@ultrices.com', 'QSI23AHR2SJ', 'Ruby', 'Leigh', 0),
(31, '5f4dcc3b5aa765d61d8327deb882cf99', 'bibendum fermentum metus. Aenean sed pede nec ante blandit viverra. Donec tempus, lorem fringilla ornare placerat,', 'Human Resources, Research and Development, Payroll', 'sit.amet.faucibus@dolor.com', 'PSY24EVV7CC', 'Tallulah', 'Reece', 0),
(32, '5f4dcc3b5aa765d61d8327deb882cf99', 'mollis nec, cursus a, enim. Suspendisse aliquet, sem ut cursus luctus, ipsum leo elementum sem, vitae aliquam eros turpis non enim. Mauris', 'Human Resources, Public Relations, Customer Service, Quality Assurance, Media Relations', 'ac.libero@Namacnulla.edu', 'LBZ77AJY2KS', 'Carla', 'Tad', 0),
(33, '5f4dcc3b5aa765d61d8327deb882cf99', 'quis urna. Nunc quis arcu vel quam dignissim pharetra. Nam ac nulla. In', 'Media Relations, Tech Support, Customer Relations, Advertising, Sales and Marketing', 'Suspendisse@egestasAliquam.com', 'FUG91TTT1TD', 'Vaughan', 'Yvette', 0),
(34, '5f4dcc3b5aa765d61d8327deb882cf99', 'mus. Donec dignissim magna a tortor. Nunc commodo auctor velit. Aliquam', 'Customer Service, Tech Support, Media Relations, Customer Relations, Public Relations', 'lobortis.tellus@neque.net', 'ZGP26VWD6VB', 'Gavin', 'Leilani', 0),
(35, '5f4dcc3b5aa765d61d8327deb882cf99', 'id, erat. Etiam vestibulum massa rutrum magna. Cras convallis convallis dolor. Quisque tincidunt pede ac urna.', 'Asset Management, Legal Department', 'Morbi.sit.amet@dolor.org', 'ACV50EKM1GY', 'Adena', 'Cyrus', 0),
(36, '5f4dcc3b5aa765d61d8327deb882cf99', 'justo eu arcu. Morbi sit amet massa. Quisque porttitor eros nec tellus. Nunc', 'Research and Development, Sales and Marketing, Customer Relations', 'Curabitur.vel@tristiquepharetra.org', 'KSD61GHI5DU', 'Freya', 'Willow', 0),
(37, '5f4dcc3b5aa765d61d8327deb882cf99', 'ipsum. Suspendisse sagittis. Nullam vitae diam. Proin dolor. Nulla semper tellus id nunc', 'Customer Service, Media Relations, Sales and Marketing, Advertising', 'accumsan.sed@semegestas.ca', 'FCY06ARG4BW', 'Deirdre', 'Brooke', 0),
(38, '5f4dcc3b5aa765d61d8327deb882cf99', 'purus, in molestie tortor nibh sit amet orci. Ut sagittis lobortis mauris. Suspendisse aliquet molestie tellus. Aenean egestas hendrerit neque. In ornare sagittis felis. Donec tempor, est ac mattis', 'Advertising, Customer Service, Media Relations, Finances, Customer Relations', 'at.pretium.aliquet@consequatdolor.org', 'JID34SAE1HV', 'Tallulah', 'Ezra', 0),
(39, '5f4dcc3b5aa765d61d8327deb882cf99', 'dignissim. Maecenas ornare egestas ligula. Nullam feugiat placerat velit. Quisque varius. Nam porttitor scelerisque neque.', '', 'enim@justofaucibuslectus.net', 'NDW43LIM6WS', 'Debra', 'Catherine', 0),
(40, '5f4dcc3b5aa765d61d8327deb882cf99', 'mollis lectus pede et risus. Quisque libero lacus, varius et, euismod et, commodo at, libero. Morbi accumsan laoreet ipsum. Curabitur consequat, lectus sit amet luctus vulputate, nisi sem', 'Legal Department', 'urna.Nunc.quis@auctorvelitAliquam.net', 'IYC46TFX7NG', 'Hayley', 'Joelle', 0),
(41, '5f4dcc3b5aa765d61d8327deb882cf99', 'dolor dolor, tempus non, lacinia at, iaculis quis, pede. Praesent eu dui. Cum sociis natoque penatibus et magnis dis parturient montes, nascetur ridiculus mus. Aenean eget magna. Suspendisse', '', 'scelerisque.neque@urna.edu', 'JZX61DEQ2OX', 'Stewart', 'Jenna', 0),
(42, '5f4dcc3b5aa765d61d8327deb882cf99', 'ornare lectus justo eu arcu. Morbi sit amet massa. Quisque porttitor', '', 'eu@pedenonummy.edu', 'KNT40EWB5OW', 'Olympia', 'Harlan', 0),
(43, '5f4dcc3b5aa765d61d8327deb882cf99', 'vel, mauris. Integer sem elit, pharetra ut, pharetra sed, hendrerit a, arcu. Sed et libero. Proin mi. Aliquam gravida mauris', 'Sales and Marketing, Finances, Asset Management, Public Relations, Payroll', 'ac.mi.eleifend@Maurisnondui.net', 'ZUF93ESU9DE', 'Jordan', 'Peter', 0),
(44, '5f4dcc3b5aa765d61d8327deb882cf99', 'tincidunt dui augue eu tellus. Phasellus elit pede, malesuada vel, venenatis', '', 'non.dapibus@ornare.org', 'XYG89SMY8DV', 'Kessie', 'Yuli', 0),
(45, '5f4dcc3b5aa765d61d8327deb882cf99', 'ut mi. Duis risus odio, auctor vitae, aliquet nec, imperdiet nec, leo. Morbi neque tellus, imperdiet non, vestibulum nec, euismod in, dolor. Fusce feugiat. Lorem ipsum', 'Research and Development, Quality Assurance, Sales and Marketing', 'dolor.elit.pellentesque@vellectusCum.com', 'JKP16DCO3FX', 'Hashim', 'Eleanor', 0),
(46, '5f4dcc3b5aa765d61d8327deb882cf99', 'habitant morbi tristique senectus et netus et malesuada fames ac turpis egestas. Fusce', 'Research and Development, Public Relations', 'odio@necmetusfacilisis.com', 'TOV04CED4WG', 'Signe', 'Kermit', 0),
(47, '5f4dcc3b5aa765d61d8327deb882cf99', 'augue scelerisque mollis. Phasellus libero mauris, aliquam eu, accumsan sed, facilisis vitae, orci. Phasellus dapibus quam quis diam. Pellentesque habitant morbi', 'Legal Department, Customer Service', 'magna@cursus.edu', 'BZL69WOK7LI', 'Yen', 'Gretchen', 0),
(48, '5f4dcc3b5aa765d61d8327deb882cf99', 'vestibulum massa rutrum magna. Cras convallis convallis dolor. Quisque tincidunt pede ac urna. Ut tincidunt vehicula risus. Nulla eget metus eu erat semper rutrum. Fusce dolor quam, elementum', 'Customer Service', 'ac.metus.vitae@risusDonec.com', 'WCJ40VHU4MU', 'Barclay', 'Zephr', 0),
(49, '5f4dcc3b5aa765d61d8327deb882cf99', 'velit. Sed malesuada augue ut lacus. Nulla tincidunt, neque vitae semper egestas, urna justo faucibus lectus, a sollicitudin orci sem eget massa. Suspendisse eleifend. Cras sed leo. Cras', 'Customer Relations, Customer Service, Media Relations, Asset Management', 'erat@congueturpis.co.uk', 'YZD26MGR5DI', 'Alana', 'Bruce', 0),
(50, '5f4dcc3b5aa765d61d8327deb882cf99', 'ultricies ligula. Nullam enim. Sed nulla ante, iaculis nec, eleifend non, dapibus rutrum, justo. Praesent luctus. Curabitur egestas nunc sed libero. Proin sed turpis nec mauris blandit mattis. Cras', 'Human Resources, Accounting', 'risus@malesuadaut.net', 'FQK97ETB3NX', 'Aimee', 'Alma', 0),
(51, '5f4dcc3b5aa765d61d8327deb882cf99', 'pellentesque. Sed dictum. Proin eget odio. Aliquam vulputate ullamcorper magna. Sed eu eros. Nam consequat dolor vitae dolor. Donec fringilla.', 'Legal Department', 'mauris@Aliquamornare.org', 'BGX69ZJX2CN', 'Demetria', 'Carson', 0),
(52, '5f4dcc3b5aa765d61d8327deb882cf99', 'eu turpis. Nulla aliquet. Proin velit. Sed malesuada augue ut lacus. Nulla tincidunt, neque vitae semper egestas, urna justo faucibus lectus, a sollicitudin orci', 'Quality Assurance, Legal Department, Payroll', 'sagittis@arcu.com', 'XKK69SLD7ZW', 'Hannah', 'Miriam', 0),
(53, '5f4dcc3b5aa765d61d8327deb882cf99', 'Phasellus fermentum convallis ligula. Donec luctus aliquet odio. Etiam ligula tortor, dictum eu, placerat eget, venenatis a, magna. Lorem ipsum dolor sit amet, consectetuer adipiscing elit.', 'Public Relations, Tech Support, Customer Service, Finances, Sales and Marketing', 'tempus@pedePraesenteu.net', 'UJT85UBJ8ZW', 'Leilani', 'Hope', 0),
(54, '5f4dcc3b5aa765d61d8327deb882cf99', 'vestibulum. Mauris magna. Duis dignissim tempor arcu. Vestibulum ut eros non enim commodo hendrerit. Donec porttitor tellus non magna. Nam ligula elit, pretium et, rutrum non, hendrerit id,', 'Quality Assurance, Accounting', 'pharetra@temporarcuVestibulum.com', 'PAC63TRD7EU', 'Taylor', 'Cecilia', 0),
(55, '5f4dcc3b5aa765d61d8327deb882cf99', 'erat eget ipsum. Suspendisse sagittis. Nullam vitae diam. Proin dolor. Nulla semper tellus id', 'Public Relations', 'nostra.per@Suspendisse.ca', 'EPX84FXE6EB', 'Tyrone', 'Kasimir', 0),
(56, '5f4dcc3b5aa765d61d8327deb882cf99', 'urna. Nunc quis arcu vel quam dignissim pharetra. Nam ac nulla. In tincidunt congue turpis. In condimentum.', 'Media Relations, Customer Relations', 'sed@sitametornare.ca', 'LMJ89FYK4UQ', 'Linda', 'Ursula', 0),
(57, '5f4dcc3b5aa765d61d8327deb882cf99', 'lacinia orci, consectetuer euismod est arcu ac orci. Ut semper pretium', 'Research and Development, Asset Management', 'elit@hendrerit.ca', 'SNY16MNB3UG', 'Abigail', 'Lillith', 0),
(58, '5f4dcc3b5aa765d61d8327deb882cf99', 'aliquet diam. Sed diam lorem, auctor quis, tristique ac, eleifend vitae, erat. Vivamus nisi. Mauris nulla. Integer', 'Payroll, Quality Assurance, Public Relations, Customer Relations', 'dui@sagittisfelisDonec.edu', 'MYB83OEK6AA', 'Kylan', 'Phillip', 0),
(59, '5f4dcc3b5aa765d61d8327deb882cf99', 'magna a neque. Nullam ut nisi a odio semper cursus. Integer mollis. Integer tincidunt aliquam arcu. Aliquam ultrices iaculis odio. Nam interdum enim non nisi. Aenean eget metus. In', '', 'dui.lectus.rutrum@Pellentesqueultriciesdignissim.ca', 'EKE74FVZ2HQ', 'Holly', 'Barrett', 0),
(60, '5f4dcc3b5aa765d61d8327deb882cf99', 'amet lorem semper auctor. Mauris vel turpis. Aliquam adipiscing lobortis risus. In mi pede, nonummy ut, molestie in, tempus eu, ligula. Aenean', '', 'Donec.tempus@sodales.ca', 'MDZ79ATB3ZJ', 'Kermit', 'Oleg', 0),
(61, '5f4dcc3b5aa765d61d8327deb882cf99', 'amet, consectetuer adipiscing elit. Curabitur sed tortor. Integer aliquam adipiscing', 'Payroll', 'metus@rhoncusDonec.net', 'DBH86BHN4AA', 'Harlan', 'Hiroko', 0),
(62, '5f4dcc3b5aa765d61d8327deb882cf99', 'Vivamus rhoncus. Donec est. Nunc ullamcorper, velit in aliquet lobortis,', '', 'vel@eu.edu', 'ZQD16XXK6VM', 'Caesar', 'Marcia', 0),
(63, '5f4dcc3b5aa765d61d8327deb882cf99', 'iaculis enim, sit amet ornare lectus justo eu arcu. Morbi sit amet massa. Quisque porttitor eros nec', '', 'egestas@cursus.org', 'ZXI84NRL1HN', 'Ariel', 'Levi', 0),
(64, '5f4dcc3b5aa765d61d8327deb882cf99', 'commodo hendrerit. Donec porttitor tellus non magna. Nam ligula elit, pretium et, rutrum non, hendrerit id, ante. Nunc', 'Quality Assurance, Human Resources, Finances, Legal Department', 'sed.dictum@euultrices.ca', 'YHG47MVO7FQ', 'Karleigh', 'Kalia', 0),
(65, '5f4dcc3b5aa765d61d8327deb882cf99', 'vel, vulputate eu, odio. Phasellus at augue id ante dictum cursus. Nunc mauris', 'Research and Development, Customer Service', 'auctor.ullamcorper@urnaNunc.net', 'MWD52HEQ6UQ', 'Thaddeus', 'Nita', 0),
(66, '5f4dcc3b5aa765d61d8327deb882cf99', 'Aenean gravida nunc sed pede. Cum sociis natoque penatibus et magnis dis parturient montes, nascetur ridiculus mus. Proin vel arcu eu', 'Payroll', 'sit.amet@Praesentinterdum.org', 'UHP07BAG5YW', 'Rogan', 'Dalton', 0),
(67, '5f4dcc3b5aa765d61d8327deb882cf99', 'enim commodo hendrerit. Donec porttitor tellus non magna. Nam ligula elit, pretium et, rutrum non, hendrerit id, ante.', 'Sales and Marketing', 'sem.molestie.sodales@velitCraslorem.org', 'GIE08FUZ7WQ', 'Hollee', 'Jena', 0),
(68, '5f4dcc3b5aa765d61d8327deb882cf99', 'fringilla est. Mauris eu turpis. Nulla aliquet. Proin velit. Sed malesuada augue ut lacus. Nulla tincidunt, neque vitae semper egestas,', 'Customer Service, Legal Department, Advertising, Sales and Marketing', 'Quisque@utlacusNulla.com', 'NZT48OSD4LJ', 'Jakeem', 'Lacota', 0),
(69, '5f4dcc3b5aa765d61d8327deb882cf99', 'Cras pellentesque. Sed dictum. Proin eget odio. Aliquam vulputate ullamcorper magna. Sed eu eros. Nam consequat', 'Sales and Marketing, Research and Development, Tech Support, Customer Service, Public Relations', 'odio@musProinvel.edu', 'DJM95AOH9LM', 'James', 'Tallulah', 0),
(70, '5f4dcc3b5aa765d61d8327deb882cf99', 'aliquet diam. Sed diam lorem, auctor quis, tristique ac, eleifend vitae, erat. Vivamus nisi.', 'Legal Department', 'vestibulum.massa.rutrum@Duis.net', 'TWE00XDQ1AD', 'Zelda', 'Melanie', 0),
(71, '5f4dcc3b5aa765d61d8327deb882cf99', 'vitae purus gravida sagittis. Duis gravida. Praesent eu nulla at sem molestie sodales. Mauris blandit enim consequat purus. Maecenas libero est, congue', 'Tech Support, Human Resources, Sales and Marketing', 'sem@inceptoshymenaeosMauris.co.uk', 'GFI48CWT6WL', 'Holly', 'Sybill', 0),
(72, '5f4dcc3b5aa765d61d8327deb882cf99', 'morbi tristique senectus et netus et malesuada fames ac turpis egestas. Fusce aliquet magna a neque. Nullam ut nisi a odio', '', 'ultrices@elitNullafacilisi.org', 'KKF66GDF0EY', 'Sarah', 'Camden', 0),
(73, '5f4dcc3b5aa765d61d8327deb882cf99', 'ultrices sit amet, risus. Donec nibh enim, gravida sit amet, dapibus id, blandit at, nisi. Cum sociis natoque penatibus et magnis dis parturient montes, nascetur', 'Research and Development, Customer Relations, Asset Management', 'nunc.sed@loremauctorquis.co.uk', 'MGR94UXZ7OL', 'Marsden', 'Margaret', 0),
(74, '5f4dcc3b5aa765d61d8327deb882cf99', 'velit. Cras lorem lorem, luctus ut, pellentesque eget, dictum placerat, augue. Sed molestie. Sed id risus quis diam luctus lobortis. Class aptent taciti sociosqu ad litora torquent per conubia nostra,', 'Payroll, Sales and Marketing, Accounting, Public Relations, Research and Development', 'pharetra@velturpisAliquam.net', 'WYU74BEH1QK', 'Mira', 'Eliana', 0),
(75, '5f4dcc3b5aa765d61d8327deb882cf99', 'turpis. Nulla aliquet. Proin velit. Sed malesuada augue ut lacus. Nulla tincidunt, neque vitae semper egestas, urna justo faucibus lectus, a sollicitudin orci sem eget', 'Quality Assurance, Advertising, Finances, Legal Department, Customer Service', 'Vivamus.molestie@ligulaDonecluctus.net', 'CZO01GFQ8EI', 'Lee', 'Tad', 0),
(76, '5f4dcc3b5aa765d61d8327deb882cf99', 'dictum mi, ac mattis velit justo nec ante. Maecenas mi felis, adipiscing fringilla, porttitor vulputate, posuere vulputate, lacus. Cras interdum. Nunc sollicitudin commodo ipsum. Suspendisse non leo. Vivamus nibh', 'Public Relations, Payroll, Research and Development, Advertising', 'Maecenas.mi@necmollis.edu', 'RUV71HMM2DH', 'Xaviera', 'Brennan', 0),
(77, '5f4dcc3b5aa765d61d8327deb882cf99', 'tempus scelerisque, lorem ipsum sodales purus, in molestie tortor nibh sit amet orci. Ut sagittis lobortis mauris. Suspendisse aliquet molestie tellus. Aenean egestas hendrerit neque. In ornare', 'Asset Management', 'convallis.ante@Aliquamfringillacursus.co.uk', 'BJS13RWT4SV', 'Kyla', 'Shaine', 0),
(78, '5f4dcc3b5aa765d61d8327deb882cf99', 'odio. Aliquam vulputate ullamcorper magna. Sed eu eros. Nam consequat dolor vitae dolor. Donec fringilla.', 'Sales and Marketing, Tech Support, Asset Management', 'lobortis.risus.In@elementumpurusaccumsan.net', 'XOE78TJH6FW', 'Quentin', 'Oprah', 0),
(79, '5f4dcc3b5aa765d61d8327deb882cf99', 'dapibus ligula. Aliquam erat volutpat. Nulla dignissim. Maecenas ornare egestas', 'Research and Development, Tech Support, Accounting', 'cursus@etlibero.com', 'ACY20DZH7HM', 'Leila', 'Barbara', 0),
(80, '5f4dcc3b5aa765d61d8327deb882cf99', 'vitae aliquam eros turpis non enim. Mauris quis turpis vitae purus gravida sagittis. Duis gravida. Praesent eu nulla at sem molestie sodales. Mauris blandit enim', '', 'Nullam@morbitristique.com', 'PBH20TXO2AV', 'Prescott', 'Blake', 0),
(81, '5f4dcc3b5aa765d61d8327deb882cf99', 'arcu iaculis enim, sit amet ornare lectus justo eu arcu. Morbi sit amet massa. Quisque porttitor eros nec tellus. Nunc lectus pede, ultrices a, auctor non, feugiat nec, diam.', 'Public Relations, Human Resources, Payroll, Legal Department, Sales and Marketing', 'Aliquam@pedeblandit.edu', 'RNT58HHE6RE', 'Randall', 'Jaden', 0),
(82, '5f4dcc3b5aa765d61d8327deb882cf99', 'In scelerisque scelerisque dui. Suspendisse ac metus vitae velit egestas lacinia. Sed congue, elit', 'Finances', 'Ut.semper.pretium@aclibero.co.uk', 'XAT58IMV8XY', 'Cyrus', 'Yvette', 0),
(83, '5f4dcc3b5aa765d61d8327deb882cf99', 'dolor egestas rhoncus. Proin nisl sem, consequat nec, mollis vitae, posuere at, velit. Cras lorem lorem, luctus ut, pellentesque eget, dictum', 'Asset Management', 'quis.urna.Nunc@Uttinciduntvehicula.com', 'TJV20NMT5LA', 'Robert', 'Nyssa', 0),
(84, '5f4dcc3b5aa765d61d8327deb882cf99', 'sodales at, velit. Pellentesque ultricies dignissim lacus. Aliquam rutrum lorem ac risus. Morbi metus. Vivamus euismod', 'Tech Support, Legal Department', 'in.faucibus@duinec.edu', 'GSM63UAG7FB', 'Larissa', 'Damon', 0),
(85, '5f4dcc3b5aa765d61d8327deb882cf99', 'erat vel pede blandit congue. In scelerisque scelerisque dui. Suspendisse ac metus vitae velit egestas lacinia.', 'Research and Development, Legal Department, Sales and Marketing, Customer Service, Media Relations', 'magna@tinciduntcongue.net', 'MSF00JHM0UV', 'Bradley', 'Deanna', 0),
(86, '5f4dcc3b5aa765d61d8327deb882cf99', 'diam. Pellentesque habitant morbi tristique senectus et netus et malesuada fames ac turpis egestas. Fusce aliquet magna a neque. Nullam ut nisi a odio semper cursus. Integer mollis.', 'Asset Management, Payroll, Research and Development, Quality Assurance, Advertising', 'lorem@massalobortis.co.uk', 'YMP53SBF1PW', 'Kyra', 'Patience', 0),
(87, '5f4dcc3b5aa765d61d8327deb882cf99', 'elit, a feugiat tellus lorem eu metus. In lorem. Donec elementum, lorem ut aliquam iaculis, lacus pede sagittis augue, eu tempor erat neque non', 'Public Relations, Asset Management, Sales and Marketing, Customer Service', 'Vivamus.nibh@enim.org', 'GBE26IWV7PP', 'Damon', 'Chantale', 0),
(88, '5f4dcc3b5aa765d61d8327deb882cf99', 'neque et nunc. Quisque ornare tortor at risus. Nunc ac', 'Media Relations', 'elementum.lorem.ut@Namtempordiam.ca', 'VNQ86LDB7VP', 'Dominic', 'Alexander', 0),
(89, '5f4dcc3b5aa765d61d8327deb882cf99', 'mus. Proin vel arcu eu odio tristique pharetra. Quisque ac libero nec ligula consectetuer rhoncus. Nullam velit dui, semper et,', 'Tech Support, Media Relations, Payroll, Research and Development', 'sem.semper@Nunccommodoauctor.net', 'LUL36AZA9GC', 'Iola', 'Derek', 0),
(90, '5f4dcc3b5aa765d61d8327deb882cf99', 'rutrum lorem ac risus. Morbi metus. Vivamus euismod urna. Nullam lobortis quam a felis ullamcorper viverra.', 'Human Resources, Customer Service, Sales and Marketing', 'lobortis@auctorveliteget.com', 'TPH93CBH5VC', 'Wayne', 'Noah', 0),
(91, '5f4dcc3b5aa765d61d8327deb882cf99', 'parturient montes, nascetur ridiculus mus. Donec dignissim magna a tortor. Nunc commodo auctor velit. Aliquam nisl. Nulla eu neque pellentesque massa lobortis ultrices. Vivamus rhoncus. Donec', 'Legal Department', 'at@facilisismagnatellus.ca', 'ZVX65NQH7GA', 'Chaim', 'Len', 0),
(92, '5f4dcc3b5aa765d61d8327deb882cf99', 'et ipsum cursus vestibulum. Mauris magna. Duis dignissim tempor arcu. Vestibulum ut eros non enim commodo hendrerit. Donec porttitor tellus non magna. Nam ligula elit, pretium et, rutrum non,', 'Accounting, Customer Service', 'et@nequeetnunc.co.uk', 'SCC48DBG1LC', 'Xerxes', 'Ezekiel', 0),
(93, '5f4dcc3b5aa765d61d8327deb882cf99', 'magna a neque. Nullam ut nisi a odio semper cursus. Integer mollis. Integer tincidunt aliquam arcu. Aliquam ultrices iaculis odio. Nam interdum enim', 'Asset Management, Human Resources, Tech Support', 'ipsum.Suspendisse@diam.co.uk', 'UIA48QPE1LL', 'Indira', 'Deanna', 0),
(94, '5f4dcc3b5aa765d61d8327deb882cf99', 'ultrices. Duis volutpat nunc sit amet metus. Aliquam erat volutpat. Nulla facilisis. Suspendisse commodo tincidunt nibh. Phasellus nulla. Integer vulputate, risus a ultricies adipiscing,', 'Accounting, Asset Management, Public Relations, Payroll, Finances', 'eu.odio.Phasellus@massaIntegervitae.com', 'CPB77JLM1ZP', 'Geraldine', 'Tashya', 0),
(95, '5f4dcc3b5aa765d61d8327deb882cf99', 'risus. Donec nibh enim, gravida sit amet, dapibus id, blandit at, nisi. Cum sociis natoque penatibus et magnis dis parturient montes, nascetur ridiculus mus. Proin vel nisl. Quisque', 'Public Relations, Research and Development, Finances, Payroll, Customer Relations', 'egestas@consequatdolorvitae.com', 'ELP48GFA3SR', 'Sybil', 'Hunter', 0),
(96, '5f4dcc3b5aa765d61d8327deb882cf99', 'erat eget ipsum. Suspendisse sagittis. Nullam vitae diam. Proin dolor. Nulla semper tellus id nunc interdum feugiat.', '', 'facilisis.facilisis@egestasblanditNam.com', 'YUX23JLU3BW', 'Vielka', 'Eliana', 0),
(97, '5f4dcc3b5aa765d61d8327deb882cf99', 'Nullam ut nisi a odio semper cursus. Integer mollis. Integer tincidunt aliquam arcu. Aliquam ultrices iaculis odio.', 'Quality Assurance, Sales and Marketing, Asset Management', 'turpis.nec@gravida.edu', 'LLQ72QVO7AK', 'Chandler', 'Raven', 0),
(98, '5f4dcc3b5aa765d61d8327deb882cf99', 'Pellentesque habitant morbi tristique senectus et netus et malesuada fames ac turpis egestas. Fusce aliquet magna a neque. Nullam ut nisi a odio semper cursus. Integer', 'Quality Assurance, Tech Support, Finances, Sales and Marketing, Payroll', 'quam.elementum.at@utsem.org', 'IMX10RGY4CY', 'Brody', 'Uriel', 0),
(99, '5f4dcc3b5aa765d61d8327deb882cf99', 'magnis dis parturient montes, nascetur ridiculus mus. Aenean eget magna. Suspendisse tristique neque venenatis lacus. Etiam bibendum fermentum metus. Aenean', 'Human Resources, Sales and Marketing', 'sit.amet@ornare.com', 'JBC02QEX0TO', 'Len', 'Brett', 0),
(100, '5f4dcc3b5aa765d61d8327deb882cf99', 'eu tellus eu augue porttitor interdum. Sed auctor odio a purus. Duis elementum, dui quis accumsan convallis, ante lectus convallis est, vitae sodales nisi', 'Accounting, Asset Management, Media Relations, Research and Development', 'malesuada.id@loremac.ca', 'STT91AYM9UX', 'Gemma', 'Ivory', 0);

/*!40101 SET CHARACTER_SET_CLIENT=@OLD_CHARACTER_SET_CLIENT */;
/*!40101 SET CHARACTER_SET_RESULTS=@OLD_CHARACTER_SET_RESULTS */;
/*!40101 SET COLLATION_CONNECTION=@OLD_COLLATION_CONNECTION */;
